Data,Otwarcie,Najwyzszy,Najnizszy,Zamkniecie,Wolumen
2016-11-17,21.22,22,20.11,22,35684
2016-11-18,22,22.23,21.48,21.93,8806
2016-11-21,21.54,22.59,21.54,22.55,14489
2016-11-22,22.69,22.69,22.3,22.55,6470
2016-11-23,22.53,22.53,21.92,22.5,5776
2016-11-24,22.02,23.61,22.02,23.49,56823
2016-11-25,23.6,23.6,22.71,22.73,3372
2016-11-28,22.59,22.6,22.5,22.5,614
2016-11-29,22.85,22.85,21.31,21.95,4046
2016-11-30,22.45,22.5,21.95,22.5,2592
2016-12-01,22.6,22.6,22.4,22.55,532
2016-12-02,22.6,22.6,22,22.49,747
2016-12-05,22.49,22.49,21.11,22.2,1674
2016-12-06,22.47,22.47,21.21,21.21,4978
2016-12-07,21.31,21.58,21,21.01,3666
2016-12-08,21.01,21.85,19.77,21.85,6350
2016-12-09,21.85,21.85,21.11,21.5,3856
2016-12-12,21.4,21.87,20.43,21.87,2914
2016-12-13,21.86,22.37,21.5,22.3,8574
2016-12-14,22.34,22.36,22,22.3,173
2016-12-15,22.1,22.36,22,22.25,1813
2016-12-16,22.3,22.3,21,22,5132
2016-12-19,22.15,22.15,21.98,22.15,799
2016-12-20,22.15,22.15,21.74,21.99,3
2016-12-21,22,22,21.52,22,1154
2016-12-22,21.51,22.84,21.51,22,17493
2016-12-23,22,22,21.99,21.99,2
2016-12-27,21.99,22,21.79,22,1548
2016-12-28,22,22.49,21.5,22.01,10930
2016-12-29,22.01,22.49,21.99,22.41,5502
2016-12-30,22.48,22.5,21.9,22.5,6423
2017-01-02,22.5,22.5,22.03,22.47,371
2017-01-03,22.47,22.47,22.25,22.25,3
2017-01-04,22.44,22.5,20.67,22.5,2898
2017-01-05,22.5,22.5,21.89,21.89,24249
2017-01-09,21.89,21.99,21.89,21.99,601
2017-01-10,21.9,21.9,21.32,21.4,923
2017-01-11,21.9,21.9,21.77,21.8,114
2017-01-12,21.8,21.9,21.33,21.4,1348
2017-01-13,21.8,21.8,21.77,21.77,2
2017-01-16,21.7,21.7,21.6,21.6,2
2017-01-17,21.7,21.7,21.5,21.5,402
2017-01-18,21.1,21.25,21.1,21.25,788
2017-01-19,21.5,21.5,20.6,21.1,674
2017-01-20,21.2,21.5,19.3,20.5,3050
2017-01-23,20.5,21,20.5,20.99,781
2017-01-24,20.51,20.99,20.49,20.99,393
2017-01-25,20.99,22,20.41,22,11277
2017-01-26,21.2,21.8,21.2,21.8,202
2017-01-27,22,22,20.99,20.99,523
2017-01-30,21.84,21.84,20.43,21.6,804
2017-01-31,21.6,21.88,20.42,20.62,855
2017-02-01,20.5,21.4,20.5,21.39,161
2017-02-02,21.89,21.89,20.63,21,1635
2017-02-03,21.7,21.7,20.8,20.8,303
2017-02-06,21.65,21.65,21.1,21.3,102
2017-02-07,21.1,21.1,20.53,21,612
2017-02-08,21.7,21.7,20.53,20.89,747
2017-02-09,20.89,20.89,20.5,20.79,3039
2017-02-10,20.79,20.98,20.5,20.93,431
2017-02-13,20.93,20.93,20.5,20.89,197
2017-02-14,20.89,21,20.55,20.98,1388
2017-02-15,20.98,21.5,20.65,21.48,25764
2017-02-16,21.4,21.4,21.05,21.3,586
2017-02-17,21.29,21.29,20.63,20.7,3620
2017-02-20,20.52,21.29,20.52,21,67
2017-02-21,21.29,22.69,21,22.5,26158
2017-02-22,22,23.5,22,23.5,22022
2017-02-23,23.59,23.84,23.13,23.78,11639
2017-02-24,23.74,23.75,22.6,23,2007
2017-02-27,22.99,23.1,22.63,22.9,1042
2017-02-28,22.89,22.89,22.51,22.65,831
2017-03-01,22.64,22.7,22.31,22.55,3043
2017-03-02,22.85,22.85,22.55,22.55,21159
2017-03-03,22.65,22.8,22.65,22.67,6031
2017-03-06,22.7,22.7,21.99,22.7,7714
2017-03-07,22.5,22.5,21.62,22,4338
2017-03-08,22,22,21.67,22,1148
2017-03-09,21.67,22,21.67,22,2204
2017-03-10,22,22,21.4,21.98,1044
2017-03-13,21.98,21.98,20.87,20.87,7275
2017-03-14,20.87,20.87,19.95,19.95,31081
2017-03-15,19.95,20.2,19.41,19.81,5264
2017-03-16,21.19,21.19,19.9,20.7,359
2017-03-17,20.68,20.68,20,20.24,4637
2017-03-20,20.69,20.69,20,20.25,4130
2017-03-21,20.54,20.54,19.7,19.74,2380
2017-03-22,19.8,19.8,19.8,19.8,1089
2017-03-23,20.4,20.4,19.7,20,812
2017-03-24,20.25,20.25,19.73,20.19,248
2017-03-27,20.19,20.19,20.15,20.15,82
2017-03-28,20.15,20.3,19.75,20,11339
2017-03-29,20.3,20.43,20,20,281
2017-03-30,20.55,20.55,19.9,20,674
2017-03-31,20.5,20.5,19.72,20.4,390
2017-04-03,20.4,20.55,19.9,20.55,442
2017-04-04,20.55,20.55,20.49,20.5,2998
2017-04-05,20.5,20.5,20.45,20.5,172
2017-04-06,20,20,18.55,19,15729
2017-04-07,19.5,19.5,19,19.43,2283
2017-04-10,19.65,19.65,18.73,19,7619
2017-04-11,19,19,17.56,18,29423
2017-04-12,18.95,18.95,17.2,17.85,6483
2017-04-13,17.85,18,17.85,18,183
2017-04-18,18,18,17.65,18,20376
2017-04-19,18,18,17.16,17.48,2777
2017-04-20,17.18,17.5,17.01,17.5,5270
2017-04-21,18.28,18.28,17.02,17.18,1280
2017-04-24,17.05,18,17.05,18,1271
2017-04-25,18,18.35,17.56,17.7,922
2017-04-26,18,18,16.82,17.13,8636
2017-04-27,17.2,17.3,16.91,17.15,3510
2017-04-28,17.4,17.65,16.05,16.3,172427
2017-05-02,16.3,16.5,16,16.5,524
2017-05-04,16.6,17,16.35,17,833
2017-05-05,17,17,16.3,16.89,956
2017-05-08,16.89,16.89,16.78,16.78,1689
2017-05-09,16.78,16.78,15.42,15.5,5017
2017-05-10,16.5,16.5,14.85,15,2138
2017-05-11,16.5,16.5,14.95,14.95,852
2017-05-12,15.2,15.2,14.45,15.2,428
2017-05-15,15.52,15.52,14.75,15.48,406
2017-05-16,15.48,15.48,14.56,15,1851
2017-05-17,15,15,14.56,14.98,722
2017-05-18,14.58,14.99,14.58,14.58,591
2017-05-19,15.48,15.48,14.56,15.48,324
2017-05-22,15.48,15.48,14.99,15.35,269
2017-05-23,15.48,15.8,15.35,15.8,274
2017-05-24,15.8,16,15.8,16,381
2017-05-25,16.5,16.5,15.99,15.99,102
2017-05-26,15.57,15.99,15.57,15.99,84
2017-05-29,15.99,15.99,15.42,15.43,310
2017-05-30,15.99,15.99,15.43,15.43,370
2017-05-31,15.99,15.99,15.35,15.98,468
2017-06-01,15.98,15.98,15.35,15.5,493
2017-06-02,15.5,15.5,15.1,15.35,486
2017-06-05,15.5,15.5,14.78,15.09,855
2017-06-06,15.4,15.4,15.4,15.4,2
2017-06-07,15.5,15.5,15.5,15.5,2
2017-06-08,15.5,15.5,15.5,15.5,2
2017-06-09,15.5,15.5,15,15.5,107
2017-06-12,15.5,15.5,15.4,15.4,12
2017-06-13,14.82,14.83,14,14.35,3223
2017-06-14,13.65,14.1,12.92,13.07,6669
2017-06-16,13.99,14.9,13.67,14.5,3757
2017-06-19,13.61,14.49,13.61,14.49,877
2017-06-20,14.8,14.8,13.71,14,4246
2017-06-21,14.8,14.8,14,14.11,38875
2017-06-22,14.11,14.11,14,14.11,303
2017-06-23,14.6,14.6,13.9,14.5,5202
2017-06-26,14.8,14.8,14,14.3,729
2017-06-27,14.65,14.65,13.71,14.47,1027
2017-06-28,14.4,14.4,13.71,14,447
2017-06-29,14.47,14.47,13.75,14.39,219
2017-06-30,14.39,14.39,14,14,2
2017-07-03,13.9,13.9,13.5,13.5,1003
2017-07-04,14,14,13.14,13.14,801
2017-07-05,13,13.2,12.99,13,482
2017-07-06,13.18,13.18,13,13,3
2017-07-07,12.98,12.98,12.7,12.98,1729
2017-07-10,12.8,13.2,12.8,13.2,727
2017-07-11,13.62,13.62,13.15,13.15,2155
2017-07-12,13.62,13.62,13.6,13.6,3
2017-07-13,13.6,13.6,13.5,13.5,402
2017-07-14,13.5,13.5,12.82,13,1214
2017-07-17,12.82,12.82,12.81,12.82,625
2017-07-18,12.9,13.1,12.85,13,501
2017-07-19,13.49,13.49,13.34,13.34,2
2017-07-20,13.49,13.49,13.34,13.45,675
2017-07-21,13.49,13.49,13.45,13.45,2
2017-07-24,13.49,13.49,13.2,13.48,192
2017-07-25,13.49,13.49,13.2,13.4,112
2017-07-26,13.49,13.49,12.92,13.49,32
2017-07-27,13.49,13.49,12.92,13.4,267
2017-07-28,13.45,13.45,12.95,13.42,319
2017-07-31,13.4,13.4,12.7,12.7,1056
2017-08-01,13.4,13.4,12.64,13,2242
2017-08-02,13.4,13.4,13.19,13.19,2
2017-08-03,13.19,13.19,12.98,12.98,743
2017-08-04,13,13.19,12.64,13.17,1005
2017-08-07,13.17,13.17,13,13.17,261
2017-08-08,13.17,13.17,12.64,13.1,1035
2017-08-09,13,13.17,12.65,13.17,382
2017-08-10,13.17,13.17,13.06,13.06,2
2017-08-11,13.17,13.17,12.7,13.05,139
2017-08-14,13.17,13.5,13.15,13.5,2653
2017-08-16,13.5,14.3,13.5,14.3,1983
2017-08-17,14.78,14.78,14,14.3,544
2017-08-18,14.49,14.49,13.6,14,1116
2017-08-21,13.98,13.98,13.53,13.98,154
2017-08-22,13.98,13.98,13.56,13.89,428
2017-08-23,13.98,13.98,13.5,13.5,570
2017-08-24,13.98,13.98,13.8,13.95,351
2017-08-25,13.98,13.98,13.11,13.68,547
2017-08-28,13.68,13.68,13.12,13.4,4017
2017-08-29,13.4,13.4,13.4,13.4,2
2017-08-30,13.17,13.17,13.12,13.15,1033
2017-08-31,13.27,13.72,13.27,13.72,4701
2017-09-01,13.98,13.98,13.27,13.49,687
2017-09-04,13.7,13.7,13.65,13.65,503
2017-09-05,13.68,13.68,13.1,13.5,720
2017-09-06,13.95,13.95,13.48,13.48,11
2017-09-07,13.45,13.45,13,13.25,636
2017-09-08,13,13.01,13,13.01,1357
2017-09-11,13.5,13.5,12.96,12.96,932
2017-09-12,12.7,13,12.7,12.98,2343
2017-09-13,13.15,13.15,12.5,12.5,4119
2017-09-14,12.6,12.6,12.03,12.3,1677
2017-09-15,12.05,12.2,11.51,11.99,1122
2017-09-18,11.7,11.7,10.62,11.5,14417
2017-09-19,11.5,11.5,10.35,10.35,21387
2017-09-20,10.2,10.2,9.2,9.47,20078
2017-09-21,9.47,9.5,9.25,9.49,10361
2017-09-22,9.4,10,9.4,9.5,59200
2017-09-25,9.58,9.93,9.1,9.5,15600
2017-09-26,9.4,9.4,9,9,9978
2017-09-27,9.06,9.2,9.05,9.2,1615
2017-09-28,9.45,9.45,9.08,9.45,2055
2017-09-29,9.47,9.47,9.4,9.4,1142
2017-10-02,9.46,9.5,9.45,9.49,1327
2017-10-03,9.49,9.55,9.1,9.1,23270
2017-10-04,8.7,9.5,8.1,9.5,32099
2017-10-05,9.75,9.75,9.15,9.5,17370
2017-10-06,9.2,9.65,9.2,9.5,935
2017-10-09,9.49,9.49,9.45,9.45,745
2017-10-10,9.48,9.48,8.72,9.25,88
2017-10-11,9.25,9.48,8.97,9.15,16807
2017-10-12,9.01,9.1,8.87,9.1,428
2017-10-13,8.86,9.15,8.86,9.09,3
2017-10-16,9,9.1,9,9.02,10562
2017-10-17,9,9,8.82,8.99,437
2017-10-18,8.99,8.99,8.99,8.99,1
2017-10-19,8.99,8.99,8.9,8.9,2273
2017-10-20,8.9,9.24,8.8,9.24,6108
2017-10-23,9.44,9.44,9.17,9.17,1272
2017-10-24,9.16,9.16,9,9,2660
2017-10-25,9,9.1,9,9.05,2528
2017-10-26,9,9.1,8.73,9.1,192
2017-10-27,9.17,9.17,9.14,9.15,463
2017-10-30,9.17,9.17,9.1,9.17,74
2017-10-31,9.17,9.17,8.94,8.98,15106
2017-11-02,9,9,8.71,8.71,1862
2017-11-03,8.99,8.99,8.73,8.98,917
2017-11-06,9.14,9.14,8.9,8.9,14
2017-11-07,8.9,8.9,8.86,8.86,1026
2017-11-08,8.86,9.44,8.86,8.95,1986
2017-11-09,9.2,9.3,8.5,8.5,3117
2017-11-10,8.51,8.67,8.17,8.35,7218
2017-11-13,8.2,8.99,7.42,8,13641
2017-11-14,7.7,8.4,7.7,8.2,13577
2017-11-15,8.2,9,8.2,8.77,10310
2017-11-16,9,9,8.61,9,5709
2017-11-17,9.13,9.88,8.9,9.8,6591
2017-11-20,10.85,10.85,9.82,10.3,5566
2017-11-21,10.25,10.25,9.83,10.09,3253
2017-11-22,9.99,9.99,9.54,9.89,768
2017-11-23,9.96,10.15,9.8,9.9,2291
2017-11-24,9.58,9.58,8.75,8.99,12867
2017-11-27,9.4,9.4,8.46,9.1,2898
2017-11-28,9.1,9.1,8.46,8.6,5519
2017-11-29,8.69,8.87,7.84,8.01,6509
2017-11-30,7.9,8.19,7.85,7.85,385
2017-12-01,8,8.18,8,8.18,2497
2017-12-04,8.18,8.6,8.18,8.3,143
2017-12-05,8.6,8.6,8.45,8.45,260
2017-12-06,8.55,8.55,8.21,8.4,481
2017-12-07,8.55,8.8,8.5,8.8,1438
2017-12-08,8.88,8.89,8.55,8.84,1485
2017-12-11,8.84,8.84,8.48,8.48,2173
2017-12-12,8.48,8.48,8.46,8.46,1043
2017-12-13,8.48,8.48,8.2,8.48,203
2017-12-14,8.48,8.48,8,8.39,1761
2017-12-15,8.45,8.45,8.2,8.21,6097
2017-12-18,8.2,8.39,8.2,8.21,2467
2017-12-19,8.2,8.39,8.2,8.21,6883
2017-12-20,8.21,8.3,8.17,8.3,16837
2017-12-21,8.3,8.49,8.2,8.49,100339
2017-12-22,8.46,8.47,8.3,8.47,16040
2017-12-27,8.49,8.49,8.2,8.36,25896
2017-12-28,8.36,8.5,8.36,8.4,971
2017-12-29,8.4,8.46,8.12,8.12,1595
2018-01-03,8.4,8.4,8.06,8.12,12200
2018-01-04,8.12,8.12,8,8.1,1401
2018-01-05,7.9,8.1,7.9,8.1,3887
2018-01-08,8.58,8.58,8.3,8.3,301
2018-01-09,8.3,8.58,8.3,8.58,1625
2018-01-10,8.58,8.8,8.4,8.8,4046
2018-01-11,8.8,9.12,8.8,9.12,1421
2018-01-12,9.16,10.25,9.16,9.9,5327
2018-01-15,10.4,11,9.56,9.66,5436
2018-01-16,9.66,9.66,9.56,9.6,231
2018-01-17,9.6,9.66,9.6,9.66,643
2018-01-18,9.66,9.8,9.66,9.7,1189
2018-01-19,9.7,9.8,9.66,9.8,187
2018-01-22,9.78,9.78,9.7,9.76,607
2018-01-23,9.8,9.8,9.56,9.7,2644
2018-01-24,9.76,9.76,9.5,9.6,1484
2018-01-25,9.8,9.8,9.5,9.5,765
2018-01-26,9.52,9.52,9.5,9.5,765
2018-01-29,9.8,9.8,9.08,9.3,3111
2018-01-30,9.34,9.36,9.3,9.3,1282
2018-01-31,9.46,9.6,9.34,9.34,1274
2018-02-01,9.26,9.48,9.26,9.48,1189
2018-02-02,9.22,9.98,9.2,9.8,8399
2018-02-05,9.8,9.8,9.52,9.52,654
2018-02-06,9.5,9.86,9.18,9.2,1544
2018-02-07,9.2,9.6,9.2,9.6,39
2018-02-08,9.58,9.58,9.58,9.58,123
2018-02-09,9.4,9.4,9.22,9.24,394
2018-02-12,9.22,9.54,9.1,9.5,949
2018-02-13,9.48,9.48,8.86,9.18,2917
2018-02-14,9.44,9.44,8.82,9.2,15
2018-02-15,9.44,9.44,9,9.1,17
2018-02-16,9.06,9.06,8.9,8.98,1061
2018-02-19,8.98,9.1,8.98,9.1,273
2018-02-20,9.1,9.1,9.1,9.1,2
2018-02-21,9.4,9.4,8.82,8.82,192
2018-02-22,8.82,9.02,8.82,9.02,6
2018-02-23,9.44,9.44,9.02,9.4,281
2018-02-26,9.44,9.44,8.56,8.56,1526
2018-02-27,8.58,8.6,8.58,8.6,600
2018-02-28,8.56,8.94,8.56,8.9,509
2018-03-01,8.68,8.8,8.68,8.74,116
2018-03-02,8.92,8.92,8.92,8.92,1
2018-03-05,8.92,8.92,8.6,8.6,1264
2018-03-06,8.92,8.92,8.92,8.92,1
2018-03-07,8.92,9,8.92,9,784
2018-03-08,9.3,9.3,9,9,221
2018-03-09,9,9,9,9,289
2018-03-12,9.4,9.78,8.9,9.56,2540
2018-03-13,9.5,9.6,9.34,9.4,7935
2018-03-14,9.8,9.8,9.5,9.66,9625
2018-03-15,9.64,9.64,9.32,9.32,1491
2018-03-16,9.68,9.68,9.24,9.28,1240
2018-03-19,9.3,9.3,9.3,9.3,36
2018-03-20,9.78,9.78,9.34,9.34,11
2018-03-21,9.78,9.78,9.38,9.38,3
2018-03-22,9.2,9.2,9.2,9.2,2
2018-03-23,9,9,9,9,363
2018-03-26,9.2,9.2,8.76,8.76,1000
2018-03-27,8.44,8.76,8.28,8.76,4230
2018-03-28,9.18,9.18,9.18,9.18,1
2018-03-29,9.18,9.18,8.74,8.76,1495
2018-04-03,9.18,9.18,8.64,8.64,94
2018-04-04,8.64,8.64,8.5,8.5,1058
2018-04-05,8.24,8.7,8.24,8.7,1409
2018-04-06,9.18,9.18,8.96,8.98,96
2018-04-09,9.16,9.16,8.56,8.9,707
2018-04-10,9.16,9.16,8.88,8.88,3
2018-04-11,8.88,8.88,8.4,8.6,2703
2018-04-12,8.5,8.64,7.82,8.1,8918
2018-04-13,8,8.02,8,8,2491
2018-04-16,8,8.26,8,8.26,6224
2018-04-17,8.46,8.46,8.24,8.26,133
2018-04-18,8.46,8.46,7.98,8,3534
2018-04-19,8,8,8,8,390
2018-04-20,8.46,8.46,8.06,8.06,2331
2018-04-23,8.06,8.26,8.02,8.26,1111
2018-04-24,8.4,8.4,8,8.3,4145
2018-04-25,8.24,8.24,8,8.2,257
2018-04-26,8.1,8.1,7.86,8,1335
2018-04-27,7.8,8.28,7.8,8.28,1098
2018-04-30,8.3,8.3,8.28,8.3,21
2018-05-02,8,8,8,8,84
2018-05-04,8.26,8.26,8.2,8.2,187
2018-05-07,8.28,8.28,8.16,8.18,261
2018-05-08,8.18,8.18,8.18,8.18,1
2018-05-09,8.12,8.12,7.86,7.98,1815
2018-05-10,7.98,8,7.84,8,980
2018-05-11,8.18,8.18,7.4,7.7,14945
2018-05-14,8,8.2,7.8,8.1,12932
2018-05-15,8.1,8.2,7.9,8.18,8918
2018-05-16,8.18,8.3,8.18,8.3,1781
2018-05-17,8.2,8.98,8.2,8.98,5945
2018-05-18,8.98,9.86,8.98,9.2,12791
2018-05-21,9.1,9.2,9,9.2,3294
2018-05-22,9.2,9.2,9.2,9.2,1226
2018-05-23,9.2,9.2,8.34,8.88,5937
2018-05-24,8.88,8.88,8,8.3,12578
2018-05-25,8.3,8.38,7.5,7.6,12389
2018-05-28,7.98,8.24,7.94,8.24,1545
2018-05-29,8.1,8.1,7.5,7.5,7416
2018-05-30,7.6,7.6,7.48,7.5,5594
2018-06-01,7.58,7.58,7.5,7.5,6771
2018-06-04,7.64,7.64,7.28,7.5,4175
2018-06-05,7.3,7.3,6.84,7,39695
2018-06-06,7.04,7.04,6.76,6.94,3237
2018-06-07,7,7.08,6.98,7,19564
2018-06-08,7.08,7.08,7,7.06,4059
2018-06-11,7,7,6.68,6.9,4476
2018-06-12,6.88,6.9,6.7,6.78,3614
2018-06-13,6.8,6.88,6.68,6.84,4374
2018-06-14,6.86,7,6.7,7,8688
2018-06-15,7.04,7.7,7.04,7.64,34511
2018-06-18,7.68,7.9,7.6,7.62,4442
2018-06-19,7.7,7.7,7.6,7.6,5868
2018-06-20,7.6,7.6,7.26,7.5,650
2018-06-21,7.5,7.5,7.22,7.4,418
2018-06-22,7.5,7.5,7.5,7.5,65
2018-06-25,7.6,7.6,7.42,7.5,10702
2018-06-26,7.5,7.5,7.24,7.24,11045
2018-06-27,7.38,7.38,7.2,7.36,6314
2018-06-28,7.38,7.38,6.96,6.96,9105
2018-06-29,7.14,7.14,7.14,7.14,20
2018-07-02,7,7,6.8,6.86,1873
2018-07-03,6.88,6.88,6.76,6.8,7327
2018-07-04,6.86,6.88,6.54,6.88,14788
2018-07-05,6.76,6.82,6.7,6.8,3521
2018-07-06,6.6,6.76,6.6,6.6,2446
2018-07-09,6.8,7,6.8,6.8,11558
2018-07-10,7,7.06,6.8,7,19489
2018-07-11,7.08,7.08,6.84,7,1339
2018-07-12,7,7.08,7,7,10831
2018-07-13,7.06,7.06,6.94,6.98,638
2018-07-16,7.08,7.1,6.98,7,7532
2018-07-17,7.08,7.08,6.98,7,10129
2018-07-18,7,7.1,7,7.1,2244
2018-07-19,7.1,7.1,7,7,3882
2018-07-20,7,7.14,7,7.14,141
2018-07-23,7.14,7.14,7,7.1,10721
2018-07-24,7.1,7.7,7.1,7.6,30978
2018-07-25,7.84,8.14,7.56,7.6,25132
2018-07-26,7.7,7.72,7.5,7.6,11318
2018-07-27,7.8,8.4,7.5,8.2,26820
2018-07-30,8.14,9.58,8.14,9.3,68241
2018-07-31,9.48,9.48,8.58,8.7,19700
2018-08-01,8.96,8.96,8.5,8.76,9507
2018-08-02,8.26,8.84,8.22,8.84,45870
2018-08-03,8.84,8.84,8.8,8.84,1469
2018-08-06,8.8,8.84,8.52,8.82,4984
2018-08-07,8.84,8.84,8.82,8.84,1213
2018-08-08,8.84,8.84,8.66,8.7,826
2018-08-09,8.84,8.84,8.6,8.8,587
2018-08-10,8.8,8.8,8.6,8.72,2514
2018-08-13,8.74,8.74,8.42,8.72,5052
2018-08-14,8.7,8.7,8.5,8.7,1360
2018-08-16,8.74,8.74,8.38,8.7,5898
2018-08-17,8.7,8.76,8.6,8.76,4457
2018-08-20,8.8,9.48,8.78,9.3,9264
2018-08-21,9.34,9.38,9.16,9.18,2486
2018-08-22,9.1,9.1,8.7,9,2960
2018-08-23,9,9,8.66,8.8,4045
2018-08-24,8.66,9.2,8.66,9.06,2067
2018-08-27,9.16,9.16,8.74,9,1546
2018-08-28,9.06,9.06,9,9,136
2018-08-29,9.06,9.06,8.5,8.9,8647
2018-08-30,8.9,8.9,8.8,8.8,170
2018-08-31,8.96,8.96,8.48,8.8,4191
2018-09-03,8.96,8.96,8.3,8.6,3118
2018-09-04,8.58,8.6,8.22,8.6,317
2018-09-05,8.8,8.8,8,8,6882
2018-09-06,8.3,8.3,7.24,7.62,4909
2018-09-07,7.5,7.6,7.14,7.46,1250
2018-09-10,7.4,7.7,7.28,7.7,2836
2018-09-11,7.7,7.7,7.44,7.7,358
2018-09-12,7.7,7.7,7.5,7.5,4018
2018-09-13,7.5,7.5,6.8,7,7165
2018-09-14,7.1,7.48,7.06,7.48,2601
2018-09-17,7.3,7.48,7,7.48,6895
2018-09-18,7.48,7.48,7.48,7.48,1
2018-09-19,7.48,7.48,7.02,7.3,7380
2018-09-20,7.3,7.42,7.3,7.42,1834
2018-09-21,7.42,7.8,7.34,7.68,3146
2018-09-24,7.66,7.66,7.4,7.46,2590
2018-09-25,7.48,7.48,7.4,7.4,2
2018-09-26,7.44,7.44,7.18,7.4,227
2018-09-27,7.44,7.44,7.16,7.4,572
2018-09-28,7.4,7.4,7.12,7.28,1194
2018-10-01,7.26,7.26,6.7,6.98,6028
2018-10-02,6.92,6.92,6.78,6.82,1126
2018-10-03,6.82,6.96,6.8,6.96,2495
2018-10-04,6.86,7,6.82,7,353
2018-10-05,7,7,6.98,6.98,521
2018-10-08,6.98,7.18,6.9,7.18,4412
2018-10-09,7.18,7.18,6.48,6.9,1762
2018-10-10,6.92,6.94,6.8,6.94,1646
2018-10-11,6.72,6.9,6.72,6.9,355
2018-10-12,6.9,6.9,6.78,6.78,280
2018-10-15,6.92,6.92,6.7,6.78,291
2018-10-16,6.7,6.78,6.7,6.78,259
2018-10-17,6.78,6.86,6.78,6.86,2280
2018-10-18,6.86,7.22,6.6,7.22,1922
2018-10-19,7.2,7.2,6.84,7.14,571
2018-10-22,7,7.14,6.8,7.1,2830
2018-10-23,7.1,7.1,6.6,7,1399
2018-10-24,7,7,6.5,6.5,4816
2018-10-25,6.5,6.6,6.5,6.6,2737
2018-10-26,6.86,6.86,6.56,6.56,962
2018-10-29,6.82,6.82,6.38,6.56,2105
2018-10-30,6.56,6.56,6,6.5,3024
2018-10-31,6.5,6.5,6.46,6.46,124
2018-11-02,6.56,6.56,6.48,6.5,520
2018-11-05,6.5,6.5,6.3,6.3,527
2018-11-06,6.22,6.5,6.22,6.5,1335
2018-11-07,6.56,6.56,6.22,6.48,873
2018-11-08,6.48,6.5,6.22,6.3,1323
2018-11-09,6.3,6.3,6.1,6.1,2019
2018-11-13,6,6.1,5.7,5.7,2852
2018-11-14,5.7,5.7,5.62,5.62,866
2018-11-15,5.88,5.88,5.88,5.88,1654
2018-11-16,5.86,5.88,5.62,5.88,510
2018-11-19,5.62,5.88,5.58,5.6,3133
2018-11-20,5.86,5.86,5.44,5.44,2079
2018-11-21,5.24,5.24,4.8,4.9,11828
2018-11-22,4.8,5.14,4.8,5.12,4443
2018-11-23,5.12,5.12,5.12,5.12,100
2018-11-26,5.06,5.06,4.96,5,3142
2018-11-27,4.88,4.98,4.88,4.98,2695
2018-11-28,4.96,4.96,4.8,4.96,159
2018-11-29,4.98,4.99,4.53,4.79,5745
2018-11-30,4.98,4.98,4.8,4.8,2200
2018-12-03,4.9,4.9,4.8,4.8,720
2018-12-04,4.8,4.8,4.5,4.56,6973
2018-12-05,4.5,4.56,4.4,4.54,2188
2018-12-06,4.54,4.57,4.4,4.4,4948
2018-12-07,4.59,4.59,4.57,4.59,1837
2018-12-10,4.59,4.59,4.4,4.58,1275
2018-12-11,4.58,4.58,4.38,4.55,1530
2018-12-12,4.55,4.55,4.16,4.28,3169
2018-12-13,4.19,4.19,3.86,4.18,16035
2018-12-14,4.25,4.25,3.85,4.19,10978
2018-12-17,4.15,4.2,3.96,4.04,5374
2018-12-18,4.05,4.05,3.65,4,27902
2018-12-19,4,4.05,3.8,3.94,6430
2018-12-20,3.94,3.99,3.78,3.99,8838
2018-12-21,4,4.11,3.85,3.9,25303
2018-12-27,3.9,4.2,3.9,3.95,11770
2018-12-28,4.2,4.2,4.2,4.2,1
2019-01-02,4.2,4.25,3.92,3.99,8793
2019-01-03,3.99,4.13,3.99,4.12,1401
2019-01-04,4.11,4.25,4.11,4.25,2186
2019-01-07,4.25,4.45,4.25,4.25,8158
2019-01-08,4.5,4.5,4,4,16013
2019-01-09,3.94,4.11,3.94,4.11,3567
2019-01-10,4.29,4.29,4.1,4.2,1793
2019-01-11,4.2,4.3,4.09,4.11,10777
2019-01-14,4.25,4.52,4.03,4.52,30394
2019-01-15,4.8,5.28,4.53,5.18,53132
2019-01-16,5.22,5.28,4.86,4.9,12826
2019-01-17,4.9,4.95,4.9,4.95,420
2019-01-18,5.34,5.34,5,5.34,453
2019-01-21,5.46,5.46,4.96,5,3543
2019-01-22,5,5,4.77,4.97,5552
2019-01-23,4.9,4.9,4.78,4.9,2221
2019-01-24,4.9,5.38,4.75,5.38,10479
2019-01-25,5.42,5.42,5.06,5.4,5533
2019-01-28,5.42,5.42,5.2,5.42,520
2019-01-29,5.42,5.62,5.4,5.5,10357
2019-01-30,5.6,5.6,5.58,5.58,462
2019-01-31,5.86,6.3,5.86,5.96,5894
2019-02-01,6.1,6.14,5.92,5.92,843
2019-02-04,6.3,6.3,5.92,6.18,6547
2019-02-05,6.18,7,6,7,11827
2019-02-06,7,7,6.8,6.8,10311
2019-02-07,7,7,5.92,5.92,4359
2019-02-08,6,6.2,5.82,6.2,23042
2019-02-11,6.3,6.6,5.76,6.6,10404
2019-02-12,6.6,6.86,6.38,6.86,4528
2019-02-13,6.86,7.2,6.56,7.2,5945
2019-02-14,7.2,7.3,6.74,6.74,55029
2019-02-15,6.88,7.2,6.5,6.78,48676
2019-02-18,6.4,6.4,6.4,6.4,44
2019-02-19,6.4,6.5,6.4,6.5,2168
2019-02-20,6.56,6.56,6.54,6.56,90
2019-02-21,6.56,6.56,6.16,6.16,1969
2019-02-22,6.2,6.2,6,6,1104
2019-02-25,6.1,6.1,5.92,5.92,3881
2019-02-26,5.86,5.9,5.62,5.9,2171
2019-02-27,5.86,5.86,5.7,5.7,270
2019-02-28,5.7,5.86,5.7,5.86,368
2019-03-01,5.86,5.86,5.66,5.66,2499
2019-03-04,5.8,5.8,5.78,5.78,550
2019-03-05,5.7,5.7,5.7,5.7,70
2019-03-06,5.7,5.88,5.7,5.7,6605
2019-03-07,5.7,5.7,5.54,5.66,3595
2019-03-08,5.82,5.82,5.82,5.82,5
2019-03-11,5.74,5.74,5.48,5.74,2160
2019-03-12,5.76,5.76,5.54,5.54,2230
2019-03-13,5.76,5.82,5.52,5.82,2162
2019-03-14,5.82,5.82,5.48,5.48,2341
2019-03-15,5.6,5.7,5.5,5.5,3087
2019-03-18,5.7,5.7,5.5,5.6,195
2019-03-19,5.6,5.6,5.44,5.44,391
2019-03-20,5.44,5.44,5.2,5.4,5068
2019-03-21,5.4,5.4,5.38,5.38,35
2019-03-22,5.4,5.4,5.36,5.36,700
2019-03-25,5.36,5.38,5.22,5.38,1400
2019-03-26,5.44,5.44,5.44,5.44,5
2019-03-27,5.42,5.42,5.3,5.42,1075
2019-03-28,5.42,5.42,5.42,5.42,5
2019-03-29,5.42,5.44,5.3,5.44,4828
2019-04-01,5.2,5.2,4.68,4.78,22632
2019-04-02,4.76,4.845,4.72,4.845,10181
2019-04-03,4.85,5.2,4.83,4.91,7626
2019-04-04,4.91,5.15,4.91,4.91,1625
2019-04-05,4.8,4.89,4.72,4.89,3312
2019-04-08,4.91,4.91,4.91,4.91,5
2019-04-09,4.87,4.87,4.55,4.75,5310
2019-04-10,4.85,4.85,4.57,4.57,2790
2019-04-11,4.5,4.51,4.46,4.51,3662
2019-04-12,4.6,4.685,4.6,4.685,1168
2019-04-15,4.685,4.685,4.685,4.685,59
2019-04-16,4.72,4.8,4.72,4.77,3102
2019-04-17,4.85,4.9,4.8,4.9,2210
2019-04-18,4.9,4.9,4.89,4.89,44
2019-04-23,4.945,4.945,4.82,4.82,2500
2019-04-24,4.98,4.98,4.785,4.88,1213
2019-04-25,4.88,4.88,4.88,4.88,32
2019-04-26,4.88,4.88,4.86,4.86,102
2019-04-29,4.84,4.84,4.84,4.84,576
2019-04-30,4.88,4.88,4.58,4.815,2655
2019-05-02,4.98,4.98,4.59,4.71,244
2019-05-06,4.98,4.98,4.65,4.65,40
2019-05-07,4.64,4.65,4.64,4.65,56
2019-05-08,4.65,4.75,4.65,4.75,1075
2019-05-09,4.9,4.9,4.64,4.7,4092
2019-05-10,4.9,4.9,4.72,4.75,2471
2019-05-13,4.75,4.75,4.75,4.75,5
2019-05-14,4.75,4.75,4.55,4.55,1995
2019-05-15,4.615,4.675,4.5,4.675,9195
2019-05-16,4.75,4.75,4.42,4.42,3249
2019-05-17,4.42,4.42,3.9,4.18,11963
2019-05-20,4.175,4.175,4.175,4.175,44
2019-05-21,4.175,4.175,3.76,3.8,20298
2019-05-22,3.75,3.795,3.7,3.795,200
2019-05-23,3.795,3.81,3.64,3.8,804
2019-05-24,3.8,4.05,3.8,3.85,7420
2019-05-27,3.82,3.87,3.75,3.87,2735
2019-05-28,3.87,4,3.69,4,6143
2019-05-29,4,4,3.7,3.8,3785
2019-05-30,3.9,3.9,3.77,3.88,1116
2019-05-31,3.8,3.8,3.75,3.8,3530
2019-06-03,3.8,3.8,3.67,3.67,3840
2019-06-04,3.775,3.775,3.65,3.67,450
2019-06-05,3.67,3.675,3.67,3.675,30
2019-06-06,3.675,3.7,3.675,3.675,1509
2019-06-07,3.65,3.7,3.63,3.7,2662
2019-06-10,3.78,3.94,3.7,3.94,1815
2019-06-11,3.95,4,3.95,4,520
2019-06-12,4,4,3.71,3.875,5857
2019-06-13,3.87,3.87,3.7,3.7,800
2019-06-14,3.845,3.845,3.67,3.67,46
2019-06-17,3.675,3.745,3.655,3.655,1155
2019-06-18,3.585,3.66,3.435,3.56,4656
2019-06-19,3.56,3.56,3.435,3.56,326
2019-06-21,3.585,4,3.585,4,18972
2019-06-24,4.1,4.1,3.72,3.77,5113
2019-06-25,4,4,3.81,3.81,1056
2019-06-26,3.89,3.89,3.71,3.71,100
2019-06-27,3.89,3.89,3.71,3.71,60
2019-06-28,3.72,4.08,3.7,4.08,8015
2019-07-01,4,4,3.99,3.99,134
2019-07-02,3.93,3.93,3.765,3.8,500
2019-07-03,3.95,3.95,3.78,3.78,891
2019-07-04,3.785,3.785,3.785,3.785,273
2019-07-05,3.785,3.79,3.78,3.78,3966
2019-07-08,3.78,3.8,3.75,3.75,6850
2019-07-09,4,4,3.7,3.7,505
2019-07-10,3.7,3.7,3.7,3.7,1018
2019-07-11,3.7,4,3.7,4,2860
2019-07-12,3.99,3.99,3.8,3.8,7019
2019-07-15,3.86,3.86,3.795,3.795,4234
2019-07-16,3.82,3.82,3.7,3.7,2599
2019-07-17,3.7,3.7,3.36,3.695,20235
2019-07-18,3.695,3.695,3.6,3.6,3074
2019-07-19,3.675,3.68,3.675,3.68,885
2019-07-22,3.7,3.7,3.68,3.68,53
2019-07-23,3.68,3.68,3.55,3.65,6677
2019-07-24,3.68,3.68,3.67,3.67,30
2019-07-25,3.67,3.67,3.65,3.65,306
2019-07-26,3.65,3.65,3.485,3.56,2936
2019-07-29,3.56,3.56,3.44,3.55,1304
2019-07-30,3.45,3.55,3.41,3.44,1558
2019-07-31,3.55,3.69,3.55,3.69,4416
2019-08-01,3.7,3.7,3.69,3.69,501
2019-08-02,3.69,3.69,3.6,3.68,2012
2019-08-05,3.65,3.72,3.65,3.65,2333
2019-08-06,3.65,3.65,3.6,3.6,2462
2019-08-07,3.57,3.7,3.57,3.7,200
2019-08-08,3.75,3.75,3.75,3.75,3
2019-08-09,3.75,3.76,3.75,3.76,660
2019-08-12,3.8,3.85,3.76,3.76,1997
2019-08-13,3.76,3.76,3.76,3.76,84
2019-08-14,3.95,3.95,3.78,3.78,3007
2019-08-16,3.8,3.8,3.66,3.75,6074
2019-08-19,3.645,3.75,3.56,3.68,2622
2019-08-20,3.68,3.68,3.51,3.62,1580
2019-08-21,3.8,3.8,3.62,3.62,205
2019-08-22,3.62,3.62,3.62,3.62,1475
2019-08-23,3.7,3.7,3.45,3.45,9139
2019-08-26,3.555,3.555,3.5,3.535,42
2019-08-27,3.5,3.64,3.3,3.64,4385
2019-08-28,3.65,3.65,3.48,3.59,1729
2019-08-29,3.6,3.6,3.42,3.545,1040
2019-08-30,3.6,3.6,3.435,3.585,3083
2019-09-02,3.69,3.69,3.44,3.575,517
2019-09-03,3.65,3.65,3.455,3.595,1909
2019-09-04,3.59,3.59,3.455,3.58,3127
2019-09-05,3.57,3.57,3.57,3.57,16
2019-09-06,3.58,3.58,3.56,3.58,1399
2019-09-09,3.56,3.585,3.455,3.565,5772
2019-09-10,3.6,3.6,3.46,3.5,1753
2019-09-11,3.45,3.5,3.45,3.45,1385
2019-09-12,3.495,3.555,3.405,3.555,4092
2019-09-13,3.5,3.5,3.4,3.4,2372
2019-09-16,3.49,3.49,3.49,3.49,355
2019-09-17,3.49,3.495,3.335,3.43,1932
2019-09-18,3.5,3.5,3.43,3.43,453
2019-09-19,3.5,3.5,3.43,3.43,1002
2019-09-20,3.5,3.5,3.32,3.5,5849
2019-09-23,3.5,3.5,3.3,3.49,3856
2019-09-24,3.5,3.5,3.43,3.5,3442
2019-09-25,3.5,3.5,3.5,3.5,898
2019-09-26,3.5,3.5,3.5,3.5,10
2019-09-27,3.5,3.5,3.3,3.32,4669
2019-09-30,3.39,3.465,3.35,3.39,2756
2019-10-01,3.45,3.45,3.445,3.445,603
2019-10-02,3.445,3.445,3.25,3.25,4761
2019-10-03,3.265,3.265,3.26,3.26,1261
2019-10-04,3.26,3.26,3.25,3.25,135
2019-10-07,3.2,3.25,3.2,3.25,1207
2019-10-08,3.26,3.26,3.255,3.255,400
2019-10-09,3.255,3.255,3.2,3.2,642
2019-10-10,3.2,3.25,3.2,3.25,222
2019-10-11,3.25,3.25,3.245,3.245,529
2019-10-14,3.25,3.25,3.2,3.2,1342
2019-10-15,3.2,3.25,3.2,3.25,1218
2019-10-16,3.26,3.26,3.14,3.14,278
2019-10-17,3.26,3.26,3.26,3.26,3
2019-10-18,3.26,3.26,3,3.18,5919
2019-10-21,3.2,3.2,3.135,3.135,328
2019-10-22,3.2,3.2,3.02,3.135,1132
2019-10-23,3.2,3.2,3.2,3.2,3
2019-10-24,3.2,3.2,3.15,3.16,53
2019-10-25,3.2,3.2,3.01,3.13,1232
2019-10-28,3.13,3.13,3.12,3.12,202
2019-10-29,3.1,3.1,3.05,3.09,957
2019-10-30,3.05,3.05,3.02,3.02,1479
2019-10-31,3.02,3.02,2.955,3.015,1102
2019-11-04,2.82,3.05,2.82,2.98,5145
2019-11-05,2.9,2.995,2.75,2.85,5950
2019-11-06,2.89,2.89,2.8,2.8,838
2019-11-07,2.8,2.86,2.76,2.83,3404
2019-11-08,2.86,2.86,2.6,2.69,16261
2019-11-12,2.68,2.75,2.65,2.65,7758
2019-11-13,2.7,2.7,2.52,2.52,3904
2019-11-14,2.52,2.62,2.5,2.62,5009
2019-11-15,2.53,2.625,2.53,2.62,560
2019-11-18,2.7,2.75,2.6,2.6,1446
2019-11-19,2.75,2.8,2.67,2.67,4114
2019-11-20,2.645,3,2.645,3,6826
2019-11-21,2.995,2.995,2.8,2.8,4673
2019-11-22,2.92,2.92,2.9,2.9,219
2019-11-25,2.89,2.89,2.75,2.795,1846
2019-11-26,2.795,2.89,2.795,2.89,5590
2019-11-27,2.89,2.89,2.89,2.89,26
2019-11-28,2.89,2.92,2.7,2.885,10033
2019-11-29,2.88,2.88,2.755,2.84,3940
2019-12-02,2.83,2.83,2.75,2.82,4684
2019-12-03,2.88,2.88,2.86,2.86,99
2019-12-04,2.8,2.8,2.8,2.8,370
2019-12-05,2.77,2.81,2.75,2.75,1159
2019-12-06,2.76,2.87,2.76,2.87,4
2019-12-09,2.88,2.95,2.77,2.86,6232
2019-12-10,2.8,2.88,2.75,2.86,5565
2019-12-11,2.8,2.8,2.8,2.8,3
2019-12-12,2.86,2.86,2.86,2.86,3
2019-12-13,2.82,2.83,2.75,2.75,1071
2019-12-16,2.83,2.83,2.7,2.7,3032
2019-12-17,2.74,2.74,2.7,2.7,1300
2019-12-18,2.69,2.69,2.61,2.69,2350
2019-12-19,2.69,2.69,2.55,2.69,9853
2019-12-20,2.66,2.75,2.58,2.75,7557
2019-12-23,2.75,2.89,2.62,2.83,10168
2019-12-27,2.83,2.83,2.8,2.83,3132
2019-12-30,2.83,2.95,2.83,2.94,15115
2020-01-02,3.03,3.655,3.03,3.4,47362
2020-01-03,3.48,3.5,3.175,3.295,13005
2020-01-07,3.3,3.34,3.3,3.3,2627
2020-01-08,3.36,3.36,3.1,3.1,9791
2020-01-09,3.1,3.645,3.1,3.445,48668
2020-01-10,3.35,3.405,3.18,3.21,31968
2020-01-13,3.25,3.29,3.14,3.205,5205
2020-01-14,3.2,3.2,3,3.07,25093
2020-01-15,3.18,3.215,3.1,3.185,31511
2020-01-16,3.195,3.2,3.095,3.195,22112
2020-01-17,3.19,3.19,3,3.09,13554
2020-01-20,3.15,3.2,3,3.19,15499
2020-01-21,3.2,3.2,3.19,3.2,3314
2020-01-22,3.2,3.215,3.1,3.165,31801
2020-01-23,3.185,3.19,3.06,3.14,794
2020-01-24,3.165,3.165,3.06,3.06,3795
2020-01-27,3.05,3.05,2.9,2.9,23103
2020-01-28,2.97,2.99,2.9,2.99,1504
2020-01-29,3.06,3.06,2.9,3,894
2020-01-30,3.05,3.05,2.82,2.83,6484
2020-01-31,2.84,2.955,2.815,2.83,4832
2020-02-03,2.84,2.92,2.84,2.85,3187
2020-02-04,2.85,2.96,2.85,2.96,16457
2020-02-05,2.95,2.95,2.86,2.945,4055
2020-02-06,2.96,3.25,2.96,3.195,214545
2020-02-07,3.195,3.2,3.17,3.18,79569
2020-02-10,3.215,3.39,3.215,3.38,28259
2020-02-11,3.4,3.5,3.15,3.23,34756
2020-02-12,3.38,3.38,3.03,3.1,27232
2020-02-13,3.1,3.28,3,3.1,19289
2020-02-14,3.1,3.145,3,3.1,13432
2020-02-17,3.22,3.22,3.04,3.1,3240
2020-02-18,3.135,3.135,3.025,3.05,4485
2020-02-19,3.09,3.17,3.04,3.15,8935
2020-02-20,3.195,3.195,3.15,3.16,1994
2020-02-21,3.155,3.3,3.065,3.25,113002
2020-02-24,3.3,3.3,3.07,3.17,89590
2020-02-25,3.205,3.3,2.93,2.97,37515
2020-02-26,2.9,3.11,2.68,3.11,123090
2020-02-27,3.15,3.15,2.975,3.12,14837
2020-02-28,2.975,2.99,2.68,2.75,31072
2020-03-02,2.82,3.06,2.82,3.06,9313
2020-03-03,3.07,3.1,2.95,3.1,24914
2020-03-04,3.15,3.15,2.97,3.15,2557
2020-03-05,3.15,3.15,3.15,3.15,150
2020-03-06,3.15,3.15,2.86,3.02,13006
2020-03-09,2.66,2.9,2.66,2.67,14802
2020-03-10,2.54,2.69,2.54,2.665,7699
2020-03-11,2.665,2.665,2.39,2.49,18417
2020-03-12,2.28,2.28,1.9,1.91,19264
2020-03-13,2,2.15,1.93,2.04,25464
2020-03-16,2,2.2,1.99,2.04,44634
2020-03-17,2.08,2.08,1.95,2.05,42858
2020-03-18,2.055,2.24,1.98,2.02,25566
2020-03-19,2.05,2.06,1.846,1.93,29978
2020-03-20,1.84,2,1.74,1.938,47522
2020-03-23,1.99,1.99,1.9,1.99,6282
2020-03-24,2.01,2.195,1.95,1.998,14770
2020-03-25,2,2,1.96,1.99,10462
2020-03-26,2,2,1.99,2,54710
2020-03-27,2.12,2.12,1.908,1.908,51826
2020-03-30,1.9,1.904,1.85,1.86,9939
2020-03-31,1.9,1.95,1.9,1.92,9974
2020-04-01,1.92,1.99,1.92,1.93,4217
2020-04-02,1.99,2.01,1.95,1.97,3662
2020-04-03,1.97,1.98,1.875,1.935,21133
2020-04-06,1.95,1.995,1.87,1.995,6277
2020-04-07,1.995,2.35,1.85,1.945,209794
2020-04-08,2.09,2.51,2,2.51,472255
2020-04-09,2.9,3.05,2.75,2.84,258427
2020-04-14,3,3.63,3,3.63,103728
2020-04-15,3.8,4,3.18,3.21,98898
2020-04-16,3.51,3.52,3.19,3.2,21707
2020-04-17,3.22,3.6,3.21,3.39,25839
2020-04-20,3.6,3.6,3.36,3.39,16261
2020-04-21,3.5,3.5,2.98,2.98,50666
2020-04-22,3.03,3.58,3.03,3.45,77363
2020-04-23,3.5,3.5,3.2,3.38,24816
2020-04-24,3.34,3.34,3.2,3.34,25854
2020-04-27,3.32,3.32,3.18,3.28,50073
2020-04-28,3.2,3.39,3.09,3.22,61482
2020-04-29,3.29,3.33,3.09,3.3,39040
2020-04-30,3.3,3.39,3.21,3.3,14829
2020-05-04,3.3,3.63,3.3,3.63,69758
2020-05-05,3.68,4.55,3.68,4.55,214285
2020-05-06,5,5.5,4.6,4.75,99190
2020-05-07,5.02,6.1,4.9,6.1,199475
2020-05-08,6.4,7.3,6.3,6.3,305831
2020-05-11,6.3,6.78,5.68,5.74,99014
2020-05-12,5.74,6.22,5.74,6,43022
2020-05-13,6,6.26,5.62,6,21210
2020-05-14,6,6,4.86,6,54868
2020-05-15,5.94,6.18,5.52,5.94,38292
2020-05-18,5.9,5.94,5.7,5.94,17690
2020-05-19,5.92,5.94,5.7,5.94,7515
2020-05-20,6,6.44,5.96,6.16,33555
2020-05-21,6.18,6.46,6.1,6.38,61780
2020-05-22,6.3,6.38,6.06,6.24,6562
2020-05-25,6.32,6.32,6.02,6.2,12220
2020-05-26,6.12,6.66,5.86,6.4,24342
2020-05-27,6.5,6.76,5.9,6,38443
2020-05-28,6.24,6.34,6,6.08,17185
2020-05-29,6.2,6.4,6.04,6.18,12609
2020-06-01,6.04,6.62,5.96,6.5,49134
2020-06-02,6.58,6.88,6.5,6.66,30129
2020-06-03,6.7,6.7,6.2,6.56,9607
2020-06-04,6.56,6.96,6.44,6.7,47194
2020-06-05,6.7,6.84,6.5,6.8,17555
2020-06-08,6.84,6.88,6.5,6.7,25085
2020-06-09,7.02,7.5,7,7.28,71578
2020-06-10,7.28,7.36,7.02,7.36,17844
2020-06-12,6.74,7.34,6.74,7.3,13890
2020-06-15,7,7.28,7,7.16,2287
2020-06-16,7.3,7.3,6.96,7.08,8776
2020-06-17,7,7.08,6.8,6.92,4486
2020-06-18,6.88,7.3,6.3,7.3,75064
2020-06-19,7.26,7.26,7,7.12,12085
2020-06-22,7.1,7.18,7.02,7.12,8224
2020-06-23,7,7.16,6.98,7.1,31432
2020-06-24,7.1,7.1,6.8,6.86,8314
2020-06-25,6.86,7,6.72,6.9,6444
2020-06-26,7,7,6.7,6.86,4499
2020-06-29,6.9,7,6.62,7,5626
2020-06-30,7,7,6.8,6.9,2000
2020-07-01,6.8,6.98,6.76,6.76,6051
2020-07-02,6.76,6.88,6.58,6.78,7530
2020-07-03,6.78,6.78,6.14,6.5,35804
2020-07-06,6.5,6.7,6.32,6.64,17946
2020-07-07,6.7,6.7,6.5,6.66,6599
2020-07-08,6.66,8.5,6.66,8.08,163004
2020-07-09,8.78,9.3,8.1,8.2,156014
2020-07-10,8.04,8.04,7.52,7.98,26405
2020-07-13,8,8,7.3,7.5,32516
2020-07-14,7.6,7.78,7.4,7.5,21513
2020-07-15,7.4,8.1,7.4,8.1,25391
2020-07-16,8.36,8.36,7.9,7.9,8015
2020-07-17,7.98,8,7.8,8,16032
2020-07-20,8.2,8.2,7.72,7.8,9891
2020-07-21,7.74,8,7.54,8,29747
2020-07-22,8,8,7.6,7.9,28395
2020-07-23,7.94,8,7.82,7.9,30254
2020-07-24,8,8.14,7.9,8,7143
2020-07-27,8.1,8.42,7.9,8.32,27039
2020-07-28,8.42,8.5,8.3,8.4,17407
2020-07-29,8.46,8.46,8.22,8.3,10339
2020-07-30,8.48,8.48,7.16,7.2,27675
2020-07-31,7,7.2,6.52,7.04,20798
2020-08-03,7.04,7.6,7.04,7.6,7344
2020-08-04,7.78,7.98,7.3,7.78,16788
2020-08-05,7.8,8.5,7.6,8.5,18456
2020-08-06,10,10.75,9.3,9.7,141210
2020-08-07,9.8,10,8.7,9.12,47268
2020-08-10,10,11.5,9.58,11.25,227846
2020-08-11,11.25,11.4,10.1,10.1,66995
2020-08-12,10.5,10.5,9,9.48,74332
2020-08-13,9.5,10.2,9.5,9.68,38023
2020-08-14,9.82,10.3,9.7,9.76,17917
2020-08-17,10.25,10.25,9.74,10,16421
2020-08-18,10,10,9.02,9.06,31740
2020-08-19,9.2,9.4,9.02,9.14,11874
2020-08-20,9.18,9.32,8.66,9.14,14275
2020-08-21,9.16,9.4,8.8,9.4,6259
2020-08-24,9.38,9.4,8.92,8.96,24268
2020-08-25,8.92,9.08,8.84,8.84,8468
2020-08-26,9,9,8.62,8.62,26006
2020-08-27,8.9,9.24,8.72,9.06,9979
2020-08-28,9.26,9.3,9.08,9.3,9609
2020-08-31,9.42,9.46,9.06,9.2,6368
2020-09-01,9.26,9.28,8.76,9.04,11677
2020-09-02,9.28,9.64,9.18,9.5,26765
2020-09-03,9.6,10.15,9.6,10,56534
2020-09-04,9.72,10.6,9.72,10.6,35678
2020-09-07,10.6,10.7,10.05,10.5,11982
2020-09-08,10.75,10.75,9.7,10,87227
2020-09-09,9.82,10.35,9.62,10.35,16053
2020-09-10,10,10.3,10,10,2540
2020-09-11,9.9,9.9,9.66,9.66,5963
2020-09-14,9.98,9.98,9,9.22,4231
2020-09-15,9.24,9.6,9.22,9.6,7518
2020-09-16,9.5,9.6,9.1,9.46,33579
2020-09-17,9.1,9.26,9.1,9.18,4858
2020-09-18,9.42,9.42,8.82,9.4,3736
2020-09-21,9.42,9.5,8.96,8.96,3356
2020-09-22,9,9.2,8.92,9.16,6837
2020-09-23,9.16,9.16,8.52,8.74,11588
2020-09-24,8.8,8.96,8.66,8.88,4325
2020-09-25,8.98,9.46,8.9,9.36,3375
2020-09-28,9.36,9.84,9.1,9.84,7423
2020-09-29,9.9,10.4,9.28,9.8,18389
2020-09-30,9.9,9.9,9.4,9.78,17450
2020-10-01,9.4,10,9.18,9.9,12096
2020-10-02,10,10,9.2,9.62,4323
2020-10-05,9.78,9.78,9.34,9.34,4399
2020-10-06,9.54,9.98,9.34,9.74,22442
2020-10-07,9.9,10.35,9.58,10.3,23232
2020-10-08,10.6,11.15,10,10,56294
2020-10-09,9.66,10,9.38,9.84,6391
2020-10-12,9.96,9.98,9.5,9.5,3344
2020-10-13,9.5,9.52,9.2,9.5,6106
2020-10-14,9.5,9.5,9,9.48,10314
2020-10-15,9.48,9.48,8.7,8.7,17586
2020-10-16,9.18,9.18,8.8,9,2963
2020-10-19,9.98,10.75,9.5,9.84,48141
2020-10-20,9.84,10.3,9.82,10.25,25554
2020-10-21,10.3,10.4,9.56,9.56,9502
2020-10-22,9.74,9.74,9.38,9.5,9966
2020-10-23,9.16,9.5,9.14,9.16,7862
2020-10-26,9.3,9.5,8.72,9.5,10573
2020-10-27,9.46,9.46,8.62,8.98,4630
2020-10-28,9.46,9.46,8.62,8.62,18125
2020-10-29,8.6,8.6,8,8.44,21350
2020-10-30,8.4,8.4,8,8.1,20297
2020-11-02,8.1,8.9,8.1,8.8,8909
2020-11-03,9,9.24,9,9.2,8154
2020-11-04,9.2,9.2,8.88,8.96,5942
2020-11-05,9,9.06,8.84,8.84,15253
2020-11-06,9.06,9.46,8.8,9.12,7333
2020-11-09,9.4,9.4,8.62,8.74,27618
2020-11-10,9.2,9.2,8.76,9.1,3468
2020-11-12,9,9.02,8.7,9,5392
2020-11-13,9.02,9.2,8.8,8.82,8526
2020-11-16,8.84,9.14,8.8,9.1,12016
2020-11-17,9.2,9.24,8.84,9.2,7897
2020-11-18,9.16,9.2,8.9,9.18,4454
2020-11-19,9.22,9.22,8.96,9.1,3465
2020-11-20,9.2,9.26,8.9,9.2,3784
2020-11-23,9.26,9.32,9.22,9.24,8463
2020-11-24,9.32,9.8,9.32,9.68,16239
2020-11-25,9.68,9.9,9.14,9.6,16457
2020-11-26,9.6,9.6,9.2,9.48,3704
2020-11-27,9.46,9.46,9,9,3694
2020-11-30,9.28,9.28,8.76,8.76,12628
2020-12-01,9.18,9.18,8.4,8.58,14298
2020-12-02,8.58,8.72,8.32,8.4,13087
2020-12-03,8.4,8.48,8.28,8.46,13769
2020-12-04,8.64,8.64,8.22,8.3,30753
2020-12-07,8.3,8.46,8,8.2,20338
2020-12-08,8.3,8.66,8.3,8.56,15476
2020-12-09,8.72,8.9,8.44,8.74,13413
2020-12-10,8.84,8.84,8.46,8.68,7521
2020-12-11,8.76,8.76,8.38,8.5,4562
2020-12-14,8.76,8.76,8.1,8.48,10595
2020-12-15,8.36,8.78,8.22,8.6,14967
2020-12-16,8.78,8.8,8.4,8.5,14814
2020-12-17,8.68,8.9,8.5,8.66,12387
2020-12-18,8.88,8.88,8.4,8.5,21766
2020-12-21,8.7,8.7,8.1,8.48,10237
2020-12-22,8.56,8.7,8.32,8.7,7292
2020-12-23,8.7,8.7,8.5,8.5,5968
2020-12-28,8.5,8.5,8.18,8.18,28322
2020-12-29,8.2,8.48,8.2,8.42,10195
2020-12-30,8.46,8.46,8.3,8.46,5502
2021-01-04,8.46,8.98,8.46,8.96,13518
2021-01-05,8.96,9.24,8.94,9.24,14199
2021-01-07,9.3,9.62,9.3,9.44,22819
2021-01-08,9.44,9.6,9.34,9.44,3984
2021-01-11,9.4,10.1,9.4,9.98,52308
2021-01-12,10.1,10.15,9.8,9.9,9393
2021-01-13,9.96,10.4,9.72,10.3,21153
2021-01-14,10.2,11,9.92,10.75,56983
2021-01-15,10.95,10.95,10.1,10.85,32771
2021-01-18,10.8,10.9,10.3,10.9,12255
2021-01-19,10.85,11,10.5,11,20624
2021-01-20,10.95,11.5,10.7,11.2,27131
2021-01-21,11.1,11.1,10.6,10.7,5037
2021-01-22,10.7,10.7,10.2,10.5,19990
2021-01-25,10.3,11,10.15,10.55,14089
2021-01-26,10.8,10.9,10.4,10.85,10907
2021-01-27,10.8,10.95,10.5,10.5,12566
2021-01-28,10.4,10.95,10.3,10.5,12446
2021-01-29,10.7,11.5,10.5,11.35,46755
2021-02-01,11.5,12,11.3,11.95,40831
2021-02-02,12,12.45,11.5,11.75,34192
2021-02-03,11.75,11.75,11.05,11.5,8783
2021-02-04,11.5,11.8,11,11.7,10655
2021-02-05,11.7,11.75,11.3,11.75,3668
2021-02-08,11.85,12.35,11.8,12.1,22288
2021-02-09,12.35,12.6,12,12.5,26631
2021-02-10,12.5,12.5,12,12,12021
2021-02-11,12,12.35,12,12.35,4931
2021-02-12,12.4,12.4,12.1,12.35,4789
2021-02-15,12.3,12.55,12.3,12.4,8548
2021-02-16,12.6,12.8,12.4,12.4,13847
2021-02-17,12.75,12.9,12.45,12.8,16032
2021-02-18,12.9,12.95,12.8,12.8,11482
2021-02-19,12.8,12.8,11.8,12.35,11850
2021-02-22,12.4,12.5,11.65,12,16446
2021-02-23,12.65,12.65,11.45,12,20253
2021-02-24,12,12.75,11.6,12.5,8592
2021-02-25,12.45,12.45,12,12,7830
2021-02-26,12,12.3,11.6,12.3,10347
2021-03-01,11.7,12.5,11.7,12.4,9270
2021-03-02,12.45,12.9,12.45,12.9,16950
2021-03-03,12.95,13,12.5,12.55,7247
2021-03-04,12.6,12.95,12.2,12.8,3968
2021-03-05,12.85,12.95,12.2,12.9,12749
2021-03-08,12.9,13.85,12.9,13.6,38115
2021-03-09,13.6,13.6,13.2,13.6,8111
2021-03-10,13.6,13.6,13,13.4,4168
2021-03-11,13.35,13.35,12.3,12.95,21190
2021-03-12,12.95,12.95,12.35,12.7,9422
2021-03-15,12.95,12.95,12.5,12.75,3374
2021-03-16,12.75,12.75,12.3,12.5,3649
2021-03-17,12.5,12.75,12.4,12.7,6905
2021-03-18,12.75,13.45,12.7,13.4,19994
2021-03-19,13.45,13.55,13.1,13.4,6610
2021-03-22,13.5,13.5,12.9,13.35,13845
2021-03-23,13.35,13.45,12.65,13.2,10257
2021-03-24,12.9,14.1,12.85,13.5,55952
2021-03-25,13.5,14.4,13.5,14.4,29091
2021-03-26,14.5,14.9,14.45,14.8,15291
2021-03-29,14.7,14.8,14.1,14.3,10760
2021-03-30,14.7,14.95,14.5,14.9,17677
2021-03-31,14.95,15.3,14.5,15,26918
2021-04-01,14.8,15.25,14.75,15.25,6615
2021-04-06,15.3,15.8,15.25,15.6,15331
2021-04-07,15.6,15.6,15.2,15.4,18672
2021-04-08,15.6,15.8,15.5,15.8,12162
2021-04-09,15.95,17.5,15.95,17.05,31441
2021-04-12,17.05,17.9,17,17.2,24860
2021-04-13,17.1,18.5,17.1,18,30581
2021-04-14,18.2,18.7,17.3,17.35,39648
2021-04-15,17.6,18,17.5,17.8,23155
2021-04-16,18.5,19.2,18.3,18.4,41148
2021-04-19,19,19,17.5,18,33008
2021-04-20,18.2,18.4,17.55,17.95,5725
2021-04-21,18,18,17.65,18,9024
2021-04-22,18.2,18.2,17.9,18,15566
2021-04-23,18.55,18.55,17,17,33240
2021-04-26,17.2,17.7,15.8,17.45,43851
2021-04-27,17.7,17.7,17,17.5,14002
2021-04-28,17.7,17.7,17.1,17.6,2879
2021-04-29,17.9,18,17.15,17.25,5809
2021-04-30,17.5,17.7,16.35,16.35,23405
2021-05-04,16.5,17.3,16.35,16.85,23545
2021-05-05,16.8,17.1,16.5,17.1,2750
2021-05-06,17.1,17.15,16.75,16.8,5922
2021-05-07,16.8,17.3,15.65,17,45246
2021-05-10,17.1,17.9,16.8,17.45,25386
2021-05-11,17.8,17.8,16.8,17.35,5889
2021-05-12,17.15,17.4,17.15,17.35,2673
2021-05-13,17.35,17.35,16.55,17,10288
2021-05-14,17.1,17.1,16.55,17.1,4939
2021-05-17,17,17.15,16.55,17.15,7209
2021-05-18,17,17,16.8,16.9,938
2021-05-19,16.95,16.95,16.25,16.75,7952
2021-05-20,16.35,16.65,15.9,16.5,12943
2021-05-21,16.45,16.45,15.8,15.95,10142
2021-05-24,15.9,16.45,15.6,15.95,17491
2021-05-25,16,16,15.6,15.9,10657
2021-05-26,15.6,16.5,15.55,15.95,14626
2021-05-27,16,16.35,15.7,16.1,2136
2021-05-28,16,16.1,15.55,16,16008
2021-05-31,16.4,16.4,15.8,16.1,6920
2021-06-01,15.8,15.8,15.15,15.45,10972
2021-06-02,15.75,15.75,14.65,15.05,13694
2021-06-04,15,15,14.1,14.5,14984
2021-06-07,14.95,14.95,13.9,13.9,24644
2021-06-08,13.85,14.1,13.4,13.4,20971
2021-06-09,13.6,14.75,13.6,14.65,16826
2021-06-10,14,14.4,13.7,13.75,15374
2021-06-11,14.15,14.2,13.8,13.8,14504
2021-06-14,13.95,14.2,13.8,14.05,4719
2021-06-15,14.15,14.5,14,14.1,2325
2021-06-16,13.75,14.65,13.75,14.65,14667
2021-06-17,14.65,14.7,14.2,14.4,13415
2021-06-18,14.6,14.6,13.95,14,23982
2021-06-21,13.9,14.35,13.15,14,11570
2021-06-22,14,14.3,13.4,14.2,22645
2021-06-23,14.2,14.2,13.9,14.2,214
2021-06-24,14.3,14.65,14.2,14.55,18631
2021-06-25,14.7,14.7,14.1,14.7,5702
2021-06-28,14.7,14.9,14.45,14.8,8455
2021-06-29,14.9,15.55,14.9,15.25,23459
2021-06-30,15.6,15.6,14.95,15.4,11082
2021-07-01,15.75,15.75,15.25,15.25,4721
2021-07-02,15.6,15.6,15.05,15.3,4165
2021-07-05,15.05,15.5,14.9,14.9,16359
2021-07-06,14.85,15.4,14.5,14.95,3995
2021-07-07,14.9,14.9,14.35,14.7,2462
2021-07-08,14.9,14.9,13.9,14,4381
2021-07-09,14.5,14.7,14.25,14.65,15402
2021-07-12,15,15,14.2,14.2,2863
2021-07-13,14.7,14.7,13.7,13.95,5148
2021-07-14,13.95,14.65,13.9,14.2,2818
2021-07-15,14.35,14.35,13.8,13.8,2246
2021-07-16,14.05,14.05,13.45,13.8,3911
2021-07-19,13.8,14,12.65,14,36137
2021-07-20,14.15,14.15,13.55,13.95,2369
2021-07-21,14.1,14.8,13.75,14.8,33108
2021-07-22,14.65,14.85,14.5,14.75,1712
2021-07-23,14.5,14.5,14.25,14.25,2157
2021-07-26,14.6,14.6,14,14,3102
2021-07-27,14.25,14.25,13.9,13.9,6547
2021-07-28,14.25,14.7,14,14.5,17694
2021-07-29,14.5,14.95,14.5,14.95,7315
2021-07-30,15,15.2,14.95,15.15,17282
2021-08-02,15.3,15.5,14.7,15,12719
2021-08-03,15,15.2,14.8,15,13180
2021-08-04,15,15.7,15,15.5,19170
2021-08-05,15.55,15.7,15.45,15.6,8661
2021-08-06,15.65,15.65,15.3,15.5,15920
2021-08-09,15.65,15.75,15.45,15.65,5442
2021-08-10,15.85,15.85,14.95,15.35,9329
2021-08-11,15.5,15.5,14.85,14.85,3332
2021-08-12,15,15,14.95,15,1022
2021-08-13,15.3,15.3,14.6,14.9,3201
2021-08-16,14.9,15,14.7,14.7,2774
2021-08-17,15,15.15,14.85,15,1733
2021-08-18,15.1,15.1,14.25,14.25,2734
2021-08-19,14.1,14.6,14,14.1,6165
2021-08-20,14,14.25,14,14,10222
2021-08-23,14.6,14.8,14.5,14.7,731
2021-08-24,14.8,14.8,14.05,14.45,3818
2021-08-25,14.4,14.95,14.4,14.65,2665
2021-08-26,14.95,14.95,14.55,14.7,2012
2021-08-27,14.9,14.9,14.4,14.75,6190
2021-08-30,14.75,14.75,14.15,14.7,7144
2021-08-31,14.5,14.8,14.35,14.75,10340
2021-09-01,14.7,14.9,14.5,14.9,7075
2021-09-02,14.95,14.95,14.2,14.5,37743
2021-09-03,14.7,14.7,14.1,14.15,21653
2021-09-06,14.1,14.3,14,14.15,6130
2021-09-07,14.4,14.4,14,14.15,7671
2021-09-08,14.2,14.35,14.1,14.1,11162
2021-09-09,14.4,14.4,14.15,14.15,2886
2021-09-10,14.3,14.3,14.15,14.25,826
2021-09-13,14.8,15.15,14.65,15.1,22977
2021-09-14,15.15,15.15,13.85,14,41205
2021-09-15,14.2,14.2,13.9,13.95,2670
2021-09-16,14.1,14.2,13.8,13.9,6659
2021-09-17,14.15,14.55,13.25,14.3,129215
2021-09-20,14.5,14.5,13.75,13.8,4186
2021-09-21,14,14,13.7,13.85,1981
2021-09-22,13.9,14.05,13.5,14.05,5501
2021-09-23,14.1,14.3,13.8,13.8,1593
2021-09-24,14,14,13.5,14,3777
2021-09-27,14.25,14.25,13.6,13.9,1299
2021-09-28,13.95,14.2,13.8,13.8,3891
2021-09-29,14.15,14.15,13.9,14.05,306
2021-09-30,14.15,14.15,13.8,13.8,3043
2021-10-01,13.4,13.8,13.35,13.55,8830
2021-10-04,13.8,13.8,13.3,13.5,7089
2021-10-05,13.65,13.65,12.85,13.1,12447
2021-10-06,13.35,13.35,12.75,12.75,3473
2021-10-07,12.6,12.95,12.25,12.4,16056
2021-10-08,13.2,13.2,12.3,12.45,10469
2021-10-11,12.7,12.7,12.3,12.45,4776
2021-10-12,12.6,12.6,12.3,12.3,5727
2021-10-13,12.5,12.5,12.25,12.3,7594
2021-10-14,12.5,12.5,12.3,12.3,2129
2021-10-15,12.45,12.45,12.3,12.3,883
2021-10-18,12.45,12.5,12.2,12.5,5462
2021-10-19,12.5,12.5,12.35,12.35,2461
2021-10-20,12.45,12.45,12.3,12.4,1394
2021-10-21,12.4,12.4,12.15,12.3,2763
2021-10-22,12.3,12.3,11.85,12.3,2468
2021-10-25,12.4,12.55,12.4,12.5,6257
2021-10-26,12.95,13.3,12.65,13.1,6109
2021-10-27,13.4,13.5,12.35,12.6,9735
2021-10-28,12.5,12.5,12.3,12.3,1624
2021-10-29,12.3,12.5,12,12.5,3690
2021-11-02,12,12.2,10.6,10.6,60051
2021-11-03,10.7,11.4,10.6,11,28641
2021-11-04,11.1,11.5,10.7,11.2,15922
2021-11-05,11.2,11.4,10.8,11.4,4737
2021-11-08,10.85,11.5,10.8,11.5,11682
2021-11-09,11.5,11.5,11.15,11.15,2843
2021-11-10,11.5,11.5,11.2,11.5,1986
2021-11-12,11.1,11.5,11.05,11.5,2977
2021-11-15,11.6,11.6,11.1,11.1,740
2021-11-16,11.2,11.2,10.75,11.1,3305
2021-11-17,11.1,11.1,10.8,10.8,541
2021-11-18,10.8,10.8,10.3,10.5,5937
2021-11-19,10.9,10.9,10.3,10.85,6264
2021-11-22,10.35,10.5,10,10.1,10683
2021-11-23,10.1,10.55,9.9,10.25,34921
2021-11-24,10.4,10.5,10,10,13919
2021-11-25,10.1,10.4,9.9,10.1,10722
2021-11-26,10.15,10.15,9.6,9.78,10961
2021-11-29,9.84,9.84,9.5,9.5,18665
2021-11-30,9.68,9.68,9.24,9.52,6333
2021-12-01,9.54,9.6,9.32,9.5,7597
2021-12-02,9.58,9.58,9.12,9.38,2493
2021-12-03,9.34,9.38,9.18,9.34,10072
2021-12-06,9.34,9.34,9.04,9.18,6867
2021-12-07,9,9.28,8.92,9.2,9689
2021-12-08,9.2,9.34,9.08,9.18,7565
2021-12-09,9.18,9.18,9,9.1,7541
2021-12-10,9,9.2,8.8,9.18,20049
2021-12-13,9.2,9.3,9,9.26,57588
2021-12-14,9.32,9.4,9.2,9.24,35543
2021-12-15,9.28,9.28,8.92,9,15322
2021-12-16,9.06,9.36,8.96,9,9784
2021-12-17,9.16,9.26,9.04,9.14,22111
2021-12-20,9.1,9.1,8.94,9.08,6469
2021-12-21,9.08,9.08,8.94,9.06,2171
2021-12-22,9.12,9.12,8.94,9,7226
2021-12-23,8.92,9,8.6,8.86,15996
2021-12-27,8.86,9.22,8.6,9.2,53712
2021-12-28,9.14,9.68,9.14,9.68,45402
2021-12-29,9.74,9.74,9.4,9.66,11676
2021-12-30,9.66,9.68,9.48,9.5,5053
2022-01-03,9.6,9.9,9.54,9.86,17214
2022-01-04,9.86,10,9.78,9.94,18590
2022-01-05,9.94,10.5,9.9,9.94,11179
2022-01-07,9.76,9.96,9.62,9.88,17927
2022-01-10,10,10.25,9.72,9.98,11340
2022-01-11,10,10,9.54,9.9,15688
2022-01-12,9.9,9.9,9.78,9.88,4290
2022-01-13,9.9,9.9,9.4,9.68,16023
2022-01-14,9.66,9.7,9.3,9.56,8781
2022-01-17,9.86,10.2,9.8,9.94,39936
2022-01-18,10.3,10.75,10.3,10.65,49243
2022-01-19,10.65,10.65,9.96,10.45,20992
2022-01-20,10.5,10.7,10.1,10.45,27406
2022-01-21,10.25,10.35,9.58,10,26554
2022-01-24,10.2,10.2,9.32,9.4,31831
2022-01-25,9.38,9.82,9.3,9.82,45467
2022-01-26,9.9,11.45,9.7,10.45,78257
2022-01-27,10.7,10.7,9.9,10,34307
2022-01-28,10.25,10.25,9.72,9.98,5123
2022-01-31,10.1,10.35,9.84,10.3,14560
2022-02-01,10.35,10.35,10.1,10.25,5927
2022-02-02,10.35,10.6,10.25,10.55,19921
2022-02-03,10.65,11.15,10.5,11,18084
2022-02-04,11.2,11.8,11.2,11.35,18889
2022-02-07,11.45,11.45,11,11.25,13438
2022-02-08,11.45,11.45,10.7,11,21270
2022-02-09,11.1,11.4,11.05,11.15,4616
2022-02-10,11.25,11.35,11.15,11.3,4568
2022-02-11,11.5,12,11.5,11.8,27409
2022-02-14,11.7,11.7,11.1,11.5,22603
2022-02-15,11.3,11.7,11.3,11.6,11894
2022-02-16,11.7,12.3,11.7,11.8,25252
2022-02-17,12.3,12.4,11.6,11.7,17355
2022-02-18,12,12,11.1,11.2,11840
2022-02-21,11.4,11.6,10.7,11.05,21984
2022-02-22,10.9,11.75,10.1,11.45,16456
2022-02-23,11.35,11.75,11.2,11.5,3600
2022-02-24,10.5,10.95,9.3,9.9,78774
2022-02-25,9.8,10.5,9.8,10.5,15227
2022-02-28,10.3,10.45,10.05,10.3,14158
2022-03-01,10.5,10.55,10.2,10.35,15873
2022-03-02,10.5,10.5,9.5,10,34992
2022-03-03,10,10.2,9.9,10.1,3223
2022-03-04,10.1,10.1,9.4,9.72,13401
2022-03-07,9.7,9.7,8.92,9.5,18683
2022-03-08,9.36,9.68,9.02,9.2,7123
2022-03-09,9.32,9.6,9.32,9.5,4071
2022-03-10,9.7,10.25,9.38,10.2,4907
2022-03-11,10.1,10.4,9.84,10.25,5648
2022-03-14,10.25,10.25,10.05,10.2,3771
2022-03-15,10.25,10.45,9.9,10.45,4921
2022-03-16,10.45,10.8,10.35,10.8,14966
2022-03-17,10.9,10.9,10,10.05,13623
2022-03-18,10.4,10.55,10.05,10.25,5012
2022-03-21,10.25,10.3,10.15,10.3,798
2022-03-22,10.3,10.85,10.1,10.55,6215
2022-03-23,10.7,10.7,10.1,10.3,4120
2022-03-24,10.3,10.3,9.98,10.3,7456
2022-03-25,10.3,10.4,10,10.4,5639
2022-03-28,10.4,10.5,9.98,10.05,14320
2022-03-29,10.05,10.8,9.9,9.9,16766
2022-03-30,10.1,10.2,9.7,10,15037
2022-03-31,10.2,10.25,9.5,9.52,21230
2022-04-01,9.8,10.15,9.78,9.94,10899
2022-04-04,9.96,10,9.84,9.98,5395
2022-04-05,9.94,10.1,9.86,10,3472
2022-04-06,10,10,9.86,9.98,5082
2022-04-07,9.62,9.8,9.5,9.78,9982
2022-04-08,9.78,9.78,9.46,9.6,9243
2022-04-11,9.6,9.66,9.42,9.64,2604
2022-04-12,9.64,9.64,9.52,9.52,1466
2022-04-13,9.64,9.64,9,9.18,20256
2022-04-14,9.2,9.46,9.04,9.46,4026
2022-04-19,9.46,9.58,9.3,9.44,5349
2022-04-20,9.44,9.44,9,9.14,6392
2022-04-21,9.14,9.26,8.94,9.26,3250
2022-04-22,9.2,9.2,8.4,8.54,14382
2022-04-25,8.7,8.84,8.5,8.68,5443
2022-04-26,8.72,8.88,8.62,8.74,5742
2022-04-27,8.8,8.8,8.5,8.72,2631
2022-04-28,8.78,8.86,8.54,8.78,2073
2022-04-29,8.84,8.84,8.06,8.5,8494
2022-05-02,8.48,8.48,7.94,8.28,4952
2022-05-04,8.16,8.4,8.16,8.4,5032
2022-05-05,8.4,8.66,8.4,8.42,3063
2022-05-06,8.58,8.58,7.82,8.08,16429
2022-05-09,8.4,8.4,7.66,7.78,12336
2022-05-10,7.78,8,7.78,7.78,3276
2022-05-11,7.76,7.88,7.74,7.82,5384
2022-05-12,7.8,7.8,7.14,7.4,10145
2022-05-13,7.44,7.78,7.28,7.78,11119
2022-05-16,7.8,8.02,7.8,7.96,5445
2022-05-17,8,8,7.8,7.94,3998
2022-05-18,7.96,7.96,7.6,7.92,3739
2022-05-19,7.92,7.92,7.44,7.7,3867
2022-05-20,7.7,7.7,7.56,7.56,2148
2022-05-23,7.56,7.64,7.12,7.28,8473
2022-05-24,7.4,7.4,6.8,6.96,26758
2022-05-25,6.76,6.96,6.7,6.78,10086
2022-05-26,6.78,6.88,6.68,6.88,7266
2022-05-27,6.98,7.16,6.9,7.1,5813
2022-05-30,7.16,7.4,7.16,7.2,7101
2022-05-31,7.28,7.28,6.9,7,4150
2022-06-01,6.98,7.14,6.7,6.8,5012
2022-06-02,6.94,7.58,6.86,7.48,34627
2022-06-03,7.66,7.84,7.44,7.5,9362
2022-06-06,7.6,7.94,7.5,7.94,20417
2022-06-07,7.94,8.2,7.64,7.9,18507
2022-06-08,7.94,8,7.66,7.88,6756
2022-06-09,7.9,7.9,7.34,7.62,4125
2022-06-10,7.76,7.76,7.1,7.58,1480
2022-06-13,7.58,7.58,6.9,7.22,4173
2022-06-14,7.52,7.52,7,7.1,1878
2022-06-15,7.52,7.52,6.9,7,2634
2022-06-17,7.08,7.08,6.7,6.98,8813
2022-06-20,6.96,7.44,6.64,7.3,6746
2022-06-21,7.52,7.6,7.2,7.6,8486
2022-06-22,7.48,7.88,7,7.88,7525
2022-06-23,7.88,7.88,7.5,7.78,3470
2022-06-24,7.78,8,7.48,8,10295
2022-06-27,7.98,8.22,7.8,7.96,15305
2022-06-28,8.28,8.28,7.8,8.02,16335
2022-06-29,7.86,7.98,7.46,7.82,4308
2022-06-30,7.98,7.98,7.56,7.8,3682
2022-07-01,7.62,8.02,7.62,8.02,4256
2022-07-04,8.02,8.08,7.7,8.04,7281
2022-07-05,8.16,8.16,7.36,7.9,19271
2022-07-06,7.98,7.98,7.5,7.56,5952
2022-07-07,7.9,7.92,7.56,7.92,6090
2022-07-08,8.1,8.1,7.4,7.72,27346
2022-07-11,7.7,7.82,7.66,7.82,492
2022-07-12,7.9,7.9,7.3,7.44,30323
2022-07-13,7.42,7.48,7.38,7.38,778
2022-07-14,7.5,7.5,7.2,7.38,2054
2022-07-15,7.38,7.4,7.2,7.4,1724
2022-07-18,7.5,7.82,7.48,7.82,7561
2022-07-19,7.88,7.88,7.68,7.7,236
2022-07-20,7.86,7.86,7.48,7.76,6387
2022-07-21,7.76,7.76,7.52,7.54,1949
2022-07-22,7.76,7.76,7.68,7.74,2177
2022-07-25,7.7,7.7,7.5,7.5,4629
2022-07-26,7.7,7.7,7.44,7.66,1388
2022-07-27,7.7,8.2,7.52,8.2,11161
2022-07-28,8.08,8.08,7.42,7.86,6835
2022-07-29,7.9,7.9,7.68,7.88,1113
2022-08-01,7.98,8,7.94,8,4645
2022-08-02,7.96,7.96,7.8,7.9,5309
2022-08-03,7.88,7.96,7.7,7.76,5907
2022-08-04,7.94,7.96,7.84,7.96,4394
2022-08-05,7.96,7.96,7.7,7.94,4475
2022-08-08,7.9,8,7.64,8,4059
2022-08-09,8,8,7.88,7.9,5240
2022-08-10,7.96,7.96,7.6,7.66,2808
2022-08-11,7.9,7.9,7.68,7.88,2905
2022-08-12,7.8,8.2,7.8,8.08,12126
2022-08-16,8.1,8.18,7.94,8.1,2662
2022-08-17,8.1,8.1,7.9,8.04,1344
2022-08-18,8.04,8.04,7.76,8,793
2022-08-19,8,8,7.8,8,1919
2022-08-22,7.8,7.9,7.52,7.88,4730
2022-08-23,7.88,7.88,7.5,7.54,2834
2022-08-24,7.68,7.68,7.5,7.6,2024
2022-08-25,7.78,7.78,7.5,7.66,344
2022-08-26,7.68,7.8,7.4,7.8,7274
2022-08-29,7.76,7.76,7.4,7.64,3142
2022-08-30,7.64,7.64,7.4,7.4,705
2022-08-31,7.5,7.5,6.8,7.08,11950
2022-09-01,6.92,7,6.72,6.84,4550
2022-09-02,6.88,6.88,6.64,6.66,5302
2022-09-05,6.64,6.82,6.64,6.66,2483
2022-09-06,6.78,6.82,6.64,6.82,457
2022-09-07,6.84,7.08,6.64,7,4129
2022-09-08,7.06,7.08,6.84,6.96,1249
2022-09-09,6.96,6.98,6.96,6.98,1045
2022-09-12,6.98,6.98,6.74,6.96,1826
2022-09-13,6.96,6.96,6.8,6.9,711
2022-09-14,6.9,6.98,6.9,6.98,2086
2022-09-15,6.96,7.1,6.78,7.1,7240
2022-09-16,7.32,7.32,6.98,7.22,7032
2022-09-19,7.22,7.22,7,7.18,1299
2022-09-20,7.18,7.18,6.88,7,970
2022-09-21,6.74,6.92,6.72,6.9,956
2022-09-22,6.74,6.78,6.64,6.64,2901
2022-09-23,6.64,6.86,6.64,6.74,6970
2022-09-26,6.74,6.74,6.32,6.64,8037
2022-09-27,6.64,6.64,6.36,6.5,2811
2022-09-28,6.56,6.56,6.24,6.44,2020
2022-09-29,6.44,6.44,6.2,6.36,1179
2022-09-30,6.34,6.34,6.3,6.3,401
2022-10-03,6.36,6.36,6.02,6.16,1037
2022-10-04,6.3,6.3,5.96,6.08,5086
2022-10-05,6.1,6.2,6.06,6.14,2443
2022-10-06,6.12,6.2,6.08,6.18,882
2022-10-07,6.2,6.2,6.06,6.1,1019
2022-10-10,6,6.1,5.88,5.88,5502
2022-10-11,5.98,5.98,5.76,5.88,1879
2022-10-12,5.88,5.98,5.8,5.98,2194
2022-10-13,5.98,6.06,5.7,6.06,4814
2022-10-14,6.04,6.04,5.72,5.72,6449
2022-10-17,6,6,5.82,5.82,3234
2022-10-18,5.92,5.92,5.72,5.82,2021
2022-10-19,5.82,5.82,5.68,5.74,651
2022-10-20,5.76,5.78,5.68,5.78,1862
2022-10-21,5.82,6,5.76,5.84,1298
2022-10-24,5.84,5.84,5.84,5.84,702
2022-10-25,5.96,5.96,5.76,5.9,1403
2022-10-26,5.96,6,5.92,6,2514
2022-10-27,5.96,5.96,5.8,5.96,792
2022-10-28,5.96,5.96,5.8,5.94,447
2022-10-31,5.9,5.96,5.9,5.96,5313
2022-11-02,6,6.38,5.96,6.38,11309
2022-11-03,6.38,6.38,6.1,6.3,1057
2022-11-04,6.36,6.36,6.22,6.3,1059
2022-11-07,6.3,6.46,6.22,6.36,1015
2022-11-08,6.36,6.36,5.96,6.32,2171
2022-11-09,6.32,6.32,6.12,6.28,540
2022-11-10,6.28,6.36,5.96,6.1,16023
2022-11-14,6.18,6.18,5.8,5.88,9777
2022-11-15,5.96,5.96,5.82,5.82,5824
2022-11-16,5.82,5.98,5.82,5.94,535
2022-11-17,5.98,6.08,5.94,6.08,1480
2022-11-18,6.08,6.2,5.9,6.12,1837
2022-11-21,5.92,6.06,5.86,6.04,2621
2022-11-22,6.04,6.04,5.82,5.96,1767
2022-11-23,5.94,6.16,5.9,6.1,4101
2022-11-24,6.2,6.2,6,6.2,1207
2022-11-25,6.2,6.34,6.18,6.2,1467
2022-11-28,6,6.2,5.9,5.98,7872
2022-11-29,5.98,6,5.98,6,1227
2022-11-30,6.08,6.08,5.84,5.9,5019
2022-12-01,5.98,5.98,5.76,5.98,7799
2022-12-02,5.98,5.98,5.8,5.86,7174
2022-12-05,5.98,6,5.84,6,4694
2022-12-06,6.06,6.06,5.86,6,173
2022-12-07,6.06,6.06,5.82,5.96,4942
2022-12-08,5.96,5.96,5.8,5.9,3716
2022-12-09,5.82,5.9,5.82,5.9,1971
2022-12-12,5.9,6,5.8,6,4120
2022-12-13,5.86,5.92,5.76,5.78,3788
2022-12-14,5.92,5.92,5.7,5.84,4528
2022-12-15,5.84,5.84,5.84,5.84,720
2022-12-16,5.86,5.86,5.68,5.76,2093
2022-12-19,5.82,5.82,5.64,5.74,4093
2022-12-20,5.64,5.76,5.42,5.5,7731
2022-12-21,5.44,5.5,5.4,5.5,3131
2022-12-22,5.5,5.5,5.02,5.3,26597
2022-12-23,5.28,5.38,5.04,5.36,12916
2022-12-27,5.16,5.38,5.14,5.26,5381
2022-12-28,5.3,5.34,5.22,5.3,6325
2022-12-29,5.2,5.34,5.2,5.3,8609
2022-12-30,5.3,5.42,5.2,5.42,6111
2023-01-02,5.42,5.7,5.42,5.66,4153
2023-01-03,5.66,5.9,5.66,5.9,10459
2023-01-04,5.92,6.06,5.92,6,7995
2023-01-05,6.08,6.08,5.72,5.84,6832
2023-01-09,5.84,6,5.8,5.86,12336
2023-01-10,5.84,5.96,5.84,5.86,4718
2023-01-11,5.98,6.16,5.82,5.92,8838
2023-01-12,5.92,6.36,5.92,6.24,12675
2023-01-13,6.26,6.36,6.1,6.26,3406
2023-01-16,6.3,6.5,6.1,6.36,18678
2023-01-17,6.3,6.3,5.8,5.98,23647
2023-01-18,6.08,6.16,5.92,5.92,6371
2023-01-19,6.1,6.1,5.72,5.76,10600
2023-01-20,5.74,5.92,5.62,5.68,8393
2023-01-23,5.68,5.88,5.68,5.8,28098
2023-01-24,6.1,6.1,5.76,5.98,122607
2023-01-25,5.98,6.08,5.9,5.94,15071
2023-01-26,5.94,6.36,5.94,6.34,35258
2023-01-27,6.32,6.94,6.32,6.94,54699
2023-01-30,7,7.2,6.7,7,39014
2023-01-31,7.04,7.18,7,7.14,17228
2023-02-01,7.14,7.4,7.1,7.2,24422
2023-02-02,7.32,7.38,7.2,7.24,8907
2023-02-03,7.24,7.3,6.9,7.16,4618
2023-02-06,7.16,7.16,6.9,7,8350
2023-02-07,7.1,7.1,6.8,6.96,4709
2023-02-08,6.96,7.14,6.94,7.14,5444
2023-02-09,7.18,8.22,7.1,8.04,66039
2023-02-10,8.24,8.3,7.9,8.18,11462
2023-02-13,8.18,8.5,8.18,8.5,12882
2023-02-14,8.5,8.62,8.4,8.6,13197
2023-02-15,8.58,8.58,8.22,8.52,9090
2023-02-16,8.52,8.62,8.36,8.62,5633
2023-02-17,8.62,8.62,8.3,8.62,4442
2023-02-20,8.6,8.6,8.28,8.5,4453
2023-02-21,8.52,8.52,8.14,8.2,5028
2023-02-22,8.18,8.32,8.02,8.18,3129
2023-02-23,8.2,8.46,8.04,8.46,9497
2023-02-24,8.46,8.76,8.3,8.72,118257
2023-02-27,8.72,8.88,8.7,8.88,7213
2023-02-28,8.94,9.1,8.84,9.02,12680
2023-03-01,9,9.08,8.52,8.52,7906
2023-03-02,8.52,8.7,8.4,8.62,4182
2023-03-03,8.62,8.8,8.3,8.54,5258
2023-03-06,8.54,8.7,8.12,8.7,6168
2023-03-07,8.7,9.1,8.48,9.04,113577
2023-03-08,9.5,10.65,9.5,10,66187
2023-03-09,10.05,10.4,9.62,10.3,19375
2023-03-10,10.15,10.2,9.64,10.2,15944
2023-03-13,10.4,11.05,10,10.8,49766
2023-03-14,11,11.6,11,11.6,31385
2023-03-15,11.6,11.7,10.65,11,14197
2023-03-16,11.1,11.8,11.1,11.3,28187
2023-03-17,11.3,11.55,10.9,11.2,9745
2023-03-20,11.2,11.3,10.85,11.3,12316
2023-03-21,11.3,11.5,10.7,11.5,28529
2023-03-22,11.5,11.55,11.1,11.45,21599
2023-03-23,11.6,11.6,11.2,11.5,16931
2023-03-24,11.2,11.9,11.2,11.85,13214
2023-03-27,11.8,11.9,11.55,11.7,29656
2023-03-28,11.85,11.9,11.5,11.7,5577
2023-03-29,11.65,11.65,11.15,11.45,3788
2023-03-30,11.45,11.45,10.9,11.25,6890
2023-03-31,11.35,11.75,11,11.7,16434
2023-04-03,11.9,12.65,11.9,12.2,34852
2023-04-04,12.25,12.35,11.6,11.75,12193
2023-04-05,11.7,12.35,11.6,12.35,11807
2023-04-06,12.5,13.45,12.5,12.8,61361
2023-04-11,13.2,13.3,12.8,13.05,13567
2023-04-12,12.95,13.25,12.7,12.95,8210
2023-04-13,13,13.25,12.75,13.25,13733
2023-04-14,13,13.35,13,13.3,14283
2023-04-17,13.2,13.2,12.8,13.1,4447
2023-04-18,12.85,13,12.45,12.8,9200
2023-04-19,12.95,13,12.75,12.95,4248
2023-04-20,12.95,12.95,12.35,12.5,10037
2023-04-21,12.8,12.9,12.15,12.75,5446
2023-04-24,12.65,13.25,12.25,12.7,28533
2023-04-25,12.6,12.85,12.2,12.4,20277
2023-04-26,12.4,12.9,12.4,12.5,22315
2023-04-27,12.05,12.85,12.05,12.75,29029
2023-04-28,12.75,12.75,12.4,12.5,35978
2023-05-02,12.5,12.6,12.3,12.6,4029
2023-05-04,12.7,12.9,12.3,12.3,12146
2023-05-05,12.5,12.5,12.1,12.4,6618
2023-05-08,12.3,12.3,12.1,12.1,8653
2023-05-09,12.35,12.35,11.2,11.75,12689
2023-05-10,11.6,11.8,11.4,11.5,9360
2023-05-11,11.4,12.35,11.4,11.5,43125
2023-05-12,11.5,12,11.5,11.9,3052
2023-05-15,11.8,12,11.25,11.3,11903
2023-05-16,11.3,11.6,11.25,11.5,6065
2023-05-17,11.5,11.65,11.35,11.35,8123
2023-05-18,11.5,11.95,11.3,11.45,28798
2023-05-19,11.5,11.95,10.85,11.1,36656
2023-05-22,11.1,11.5,11,11.1,29450
2023-05-23,11.1,11.35,10.8,11.35,34818
2023-05-24,11.2,11.4,11,11,13482
2023-05-25,11,11.1,10.9,10.9,4499
2023-05-26,10.9,11.3,10.35,11.3,18286
2023-05-29,11.4,11.7,11.3,11.7,11596
2023-05-30,11.7,12.1,11.7,11.8,10495
2023-05-31,11.8,11.9,11.1,11.35,5589
2023-06-01,11.5,11.5,11.25,11.5,382
2023-06-02,11.5,11.85,11.25,11.8,10888
2023-06-05,11.6,11.6,11.3,11.4,4490
2023-06-06,11.65,11.65,11.4,11.6,903
2023-06-07,11.8,12.6,11.65,11.8,22040
2023-06-09,11.9,12.15,11.55,11.85,21340
2023-06-12,11.75,11.8,11.55,11.75,2425
2023-06-13,12.6,12.9,12.15,12.4,83549
2023-06-14,12.5,12.95,12.45,12.65,17671
2023-06-15,12.65,12.65,12.3,12.45,6325
2023-06-16,12.45,12.6,12.3,12.6,9951
2023-06-19,12.7,12.9,12.55,12.85,26250
2023-06-20,12.85,13.2,12.5,13.2,21763
2023-06-21,13.15,13.85,12.9,13.85,29525
2023-06-22,13.6,14.95,13.6,14.85,65100
2023-06-23,14.75,15.5,14.5,15.1,29638
2023-06-26,15.1,15.2,14.85,15.15,6774
2023-06-27,15.1,15.15,14.4,14.7,7000
2023-06-28,14.4,14.8,14.1,14.4,10546
2023-06-29,14.35,14.35,13.3,13.7,13791
2023-06-30,13.8,14,13.35,13.7,13105
2023-07-03,13.85,14.8,13.85,14.2,23773
2023-07-04,14.4,14.7,14.3,14.4,3851
2023-07-05,14.45,14.8,13.6,14.2,17668
2023-07-06,14.3,14.75,14.15,14.2,5234
2023-07-07,14.45,15.15,14.05,14.7,27573
2023-07-10,14.7,16.15,14.7,16.15,44033
2023-07-11,16.15,16.2,15.6,15.85,9443
2023-07-12,16.2,16.2,15.7,16,3881
2023-07-13,16,16.15,15.7,16.15,2340
2023-07-14,16.15,16.15,15.3,15.5,14876
2023-07-17,15.35,15.4,15,15,7071
2023-07-18,14.85,15.3,14.25,14.95,14946
2023-07-19,15,15,14.5,14.85,4874
2023-07-20,14.85,15,14.55,14.85,8918
2023-07-21,15,15,14.7,15,2069
2023-07-24,15,15,14.8,15,2234
2023-07-25,14.95,15,14.55,15,2320
2023-07-26,14.7,14.9,14.7,14.8,476
2023-07-27,14.8,14.8,14.6,14.75,1765
2023-07-28,14.75,14.75,14.3,14.45,4868
2023-07-31,14.45,14.95,14.35,14.9,3899
2023-08-01,14.9,15.5,14.5,15.5,16209
2023-08-02,15.4,16.4,15.3,16,15618
2023-08-03,15.9,16.6,15.9,16.5,16370
2023-08-04,16.3,16.5,16.3,16.45,4959
2023-08-07,16.45,16.7,16.3,16.4,11845
2023-08-08,16.4,16.7,16.35,16.7,12921
2023-08-09,16.6,16.6,15.85,16.3,18977
2023-08-10,16.25,16.5,15.5,16.5,15782
2023-08-11,16.6,16.6,16,16.3,7304
2023-08-14,16.3,16.75,15.8,16.25,8907
2023-08-16,16.25,16.5,15.8,16.5,11985
2023-08-17,16.4,16.4,15.9,16.4,9155
2023-08-18,16.45,16.45,15.8,16.35,3799
2023-08-21,16,16,15.6,15.8,2264
2023-08-22,15.7,16.35,15.7,16.3,6147
2023-08-23,16.35,16.5,16,16.4,11356
2023-08-24,16.8,17.5,16.8,17.35,31417
2023-08-25,17.35,17.9,17.35,17.65,27288
2023-08-28,17.65,17.7,17.25,17.7,3428
2023-08-29,17.5,17.8,17.2,17.6,3390
2023-08-30,17.6,18.95,17.6,18.95,51624
2023-08-31,19.15,19.2,17.75,17.9,35991
2023-09-01,17.7,18.55,17.3,18.55,13716
2023-09-04,18.4,18.45,17.85,17.85,5059
2023-09-05,18,18.2,16.6,17.1,17116
2023-09-06,17.2,18.25,16.6,18.1,17272
2023-09-07,18.2,18.3,18,18.2,9635
2023-09-08,18.3,18.5,18.2,18.3,5172
2023-09-11,18.5,18.55,17.85,18.45,4871
2023-09-12,18.45,18.45,17.9,18.3,2270
2023-09-13,18.3,18.3,17.85,18.2,2060
2023-09-14,18.2,18.35,17.85,18.35,3322
2023-09-15,18.2,18.35,17.95,18.35,3030
2023-09-18,18.35,18.5,17.95,18.5,3894
2023-09-19,18.5,18.5,18,18.45,3344
2023-09-20,18.45,18.45,18,18.4,1811
2023-09-21,18.4,19,18,18.95,21749
2023-09-22,18.95,19.15,18.9,19.1,10006
2023-09-25,19.15,19.8,19.15,19.8,20831
2023-09-26,19.8,19.8,19.35,19.8,14731
2023-09-27,19.5,19.8,19.25,19.5,19114
2023-09-28,19.5,19.55,18.5,19.05,22951
2023-09-29,19,19.8,18.2,18.5,36513
2023-10-02,18.6,18.6,17.2,17.6,65958
2023-10-03,18,18.15,17.2,17.85,31848
2023-10-04,17.5,17.9,17.35,17.9,2927
2023-10-05,18.15,18.15,17.55,17.8,9631
2023-10-06,17.8,17.8,16.2,16.45,33907
2023-10-09,16.5,17,16.5,16.9,13305
2023-10-10,16.9,17.65,16.7,17.45,70092
2023-10-11,17.8,18.1,17.5,18,6110
2023-10-12,18,18.5,17.75,18.5,1935
2023-10-13,18.5,18.55,18.2,18.3,4624
2023-10-16,18.3,18.8,17.75,18.7,9453
2023-10-17,18.6,18.6,18.35,18.45,1544
2023-10-18,18.3,18.4,17.8,18.4,38538
2023-10-19,18.4,18.7,18.25,18.7,6673
2023-10-20,18.7,18.7,18.15,18.5,63
2023-10-23,18.2,18.6,17.9,18.6,4133
2023-10-24,18.5,18.5,17.9,18,2288
2023-10-25,17.75,18,17.2,17.75,7226
2023-10-26,17.7,17.7,17,17.5,8601
2023-10-27,17.35,18.4,17.1,17.4,6693
2023-10-30,17.2,17.2,16.6,17.15,23895
2023-10-31,17,17,16.45,16.45,14467
2023-11-02,16.45,16.95,16.45,16.65,8250
2023-11-03,16.5,17.2,16.5,17.2,6131
2023-11-06,17.2,17.85,17.2,17.7,6029
2023-11-07,17.7,17.7,16.9,17.25,8158
2023-11-08,17.45,17.45,16.35,16.35,50109
2023-11-09,16.3,16.35,15.6,16,14792
2023-11-10,16,16,15.55,15.75,5163
2023-11-13,15.65,16.3,15.65,16.25,16718
2023-11-14,16.3,16.6,16.05,16.6,5141
2023-11-15,16.6,16.85,16.45,16.6,7313
2023-11-16,16.6,17.6,16,17.25,243945
2023-11-17,17.5,17.5,17.15,17.4,4696
2023-11-20,17.3,18,16.8,18,35902
2023-11-21,18,18.35,17.8,18.05,17784
2023-11-22,18,18.2,17.4,17.55,9972
2023-11-23,17.55,18,17.5,17.5,1209
2023-11-24,18,18.25,17.35,18,4583
2023-11-27,18,18,16.8,16.8,11732
2023-11-28,17,17,16.55,16.85,3573
2023-11-29,16.8,17.1,16.5,16.5,2949
2023-11-30,16.5,16.95,16.5,16.95,1294
2023-12-01,17,18.25,16.65,18.15,38541
2023-12-04,18.05,18.1,17.6,17.85,12544
2023-12-05,18,18.1,17.7,18,6132
2023-12-06,18,18.3,17.7,17.9,38329
2023-12-07,17.95,18.5,17.85,18,14284
2023-12-08,18.15,18.5,18.15,18.5,8517
2023-12-11,18.65,18.65,17.9,18.35,6664
2023-12-12,18.3,18.5,17.8,18,27996
2023-12-13,18,18.2,17.8,18.2,8327
2023-12-14,17.45,17.9,17,17.1,45091
2023-12-15,17.15,17.4,17.05,17.35,7009
2023-12-18,17.2,17.35,17,17.05,11680
2023-12-19,17.05,17.4,17,17.4,3917
2023-12-20,17.2,17.5,17.2,17.3,2691
2023-12-21,17.5,17.5,17,17.1,2684
2023-12-22,16.9,17.5,16.8,17.5,12356
2023-12-27,17.1,17.3,16.8,16.9,6233
2023-12-28,17,17.25,17,17.25,5290
2023-12-29,17.25,17.35,16.9,17.2,5360
2024-01-02,17,17.8,17,17.45,4862
2024-01-03,17.65,17.8,17.2,17.7,5016
2024-01-04,17.7,18.2,17.55,18.05,5479
2024-01-05,18.05,18.2,17.9,18.2,2696
2024-01-08,18.2,19.2,18.2,18.9,21098
2024-01-09,19,19.4,18.9,19,8491
2024-01-10,18.8,19.35,18.75,18.9,11834
2024-01-11,18.95,19.5,18.9,19.45,14681
2024-01-12,19.5,20.6,19.45,20.5,62651
2024-01-15,20.7,21.2,20.3,20.7,37062
2024-01-16,21,21.1,20.4,20.5,19163
2024-01-17,20.5,20.7,19.65,20,16240
2024-01-18,19.75,20.6,19.75,20.6,11041
2024-01-19,20.7,20.7,20.3,20.4,6750
